object name,library name,text,rodata,data,bss,code,flash,ram
hal_delay.c.obj,lib\libhal.a,100,0,0,0,100,100,0
hal_reg_apply.c.obj,lib\libhal.a,86,0,0,0,86,86,0
portASM.S.obj,lib\libkernel.a,664,0,0,0,664,664,0
port.c.obj,lib\libkernel.a,216,8,0,12,224,224,12
osi_irq.c.obj,lib\libkernel.a,808,0,0,1312,808,808,1312
osi_profile.c.obj,lib\libkernel.a,472,0,0,49172,472,472,49172
hal_chip_8910.c.obj,lib\libhal.a,1282,134,0,5,1416,1416,5
osi_blue_screen.c.obj,lib\libkernel.a,272,16,0,146,288,288,146
osi_chip_8910.c.obj,lib\libkernel.a,1986,422,0,48,2408,2408,48
drv_spi_flash.c.obj,lib\libdriver.a,216,108,136,996,324,460,1132
hal_spi_flash.c.obj,lib\libhal.a,0,300,0,0,300,300,0
osi_log.c.obj,lib\libosi_lib.a,1496,55,0,85,1551,1551,85
osi_trace.c.obj,lib\libosi_lib.a,492,0,0,65896,492,492,65896
lib_a-atoi.o,..\..\components\newlib\armca5\libc.a,8,0,0,0,8,8,0
lib_a-atol.o,..\..\components\newlib\armca5\libc.a,8,0,0,0,8,8,0
lib_a-bsearch.o,..\..\components\newlib\armca5\libc.a,70,0,0,0,70,70,0
lib_a-ctype_.o,..\..\components\newlib\armca5\libc.a,0,257,0,0,257,257,0
lib_a-div.o,..\..\components\newlib\armca5\libc.a,48,0,0,0,48,48,0
lib_a-dtoa.o,..\..\components\newlib\armca5\libc.a,2934,13,0,0,2947,2947,0
lib_a-envlock.o,..\..\components\newlib\armca5\libc.a,24,0,0,0,24,24,0
lib_a-errno.o,..\..\components\newlib\armca5\libc.a,12,0,0,0,12,12,0
lib_a-fclose.o,..\..\components\newlib\armca5\libc.a,184,0,0,0,184,184,0
lib_a-fflush.o,..\..\components\newlib\armca5\libc.a,394,0,0,0,394,394,0
lib_a-fileno.o,..\..\components\newlib\armca5\libc.a,84,0,0,0,84,84,0
lib_a-findfp.o,..\..\components\newlib\armca5\libc.a,404,0,0,0,404,404,0
lib_a-flags.o,..\..\components\newlib\armca5\libc.a,108,0,0,0,108,108,0
lib_a-fopen.o,..\..\components\newlib\armca5\libc.a,184,0,0,0,184,184,0
lib_a-fputc.o,..\..\components\newlib\armca5\libc.a,86,0,0,0,86,86,0
lib_a-fputwc.o,..\..\components\newlib\armca5\libc.a,212,0,0,0,212,212,0
lib_a-fread.o,..\..\components\newlib\armca5\libc.a,240,0,0,0,240,240,0
lib_a-fseek.o,..\..\components\newlib\armca5\libc.a,24,0,0,0,24,24,0
lib_a-fseeko.o,..\..\components\newlib\armca5\libc.a,664,0,0,0,664,664,0
lib_a-ftell.o,..\..\components\newlib\armca5\libc.a,16,0,0,0,16,16,0
lib_a-ftello.o,..\..\components\newlib\armca5\libc.a,192,0,0,0,192,192,0
lib_a-fvwrite.o,..\..\components\newlib\armca5\libc.a,660,0,0,0,660,660,0
lib_a-fwalk.o,..\..\components\newlib\armca5\libc.a,124,0,0,0,124,124,0
lib_a-fwrite.o,..\..\components\newlib\armca5\libc.a,184,0,0,0,184,184,0
lib_a-gdtoa-gethex.o,..\..\components\newlib\armca5\libc.a,1316,0,0,0,1316,1316,0
lib_a-gdtoa-hexnan.o,..\..\components\newlib\armca5\libc.a,388,0,0,0,388,388,0
lib_a-getenv.o,..\..\components\newlib\armca5\libc.a,24,0,0,0,24,24,0
lib_a-getenv_r.o,..\..\components\newlib\armca5\libc.a,130,0,0,0,130,130,0
lib_a-gettzinfo.o,..\..\components\newlib\armca5\libc.a,8,0,88,0,8,96,88
lib_a-gmtime.o,..\..\components\newlib\armca5\libc.a,16,0,0,0,16,16,0
lib_a-gmtime_r.o,..\..\components\newlib\armca5\libc.a,412,0,0,0,412,412,0
lib_a-impure.o,..\..\components\newlib\armca5\libc.a,0,4,1068,0,4,1072,1068
lib_a-iswspace.o,..\..\components\newlib\armca5\libc.a,6,0,0,0,6,6,0
lib_a-iswspace_l.o,..\..\components\newlib\armca5\libc.a,20,0,0,0,20,20,0
lib_a-itoa.o,..\..\components\newlib\armca5\libc.a,52,0,0,0,52,52,0
lib_a-lnumeric.o,..\..\components\newlib\armca5\libc.a,0,15,2,0,15,17,2
lib_a-locale.o,..\..\components\newlib\armca5\libc.a,12,8,364,0,20,384,364
lib_a-localeconv.o,..\..\components\newlib\armca5\libc.a,8,0,0,0,8,8,0
lib_a-lock.o,..\..\components\newlib\armca5\libc.a,12,0,0,9,12,12,9
lib_a-makebuf.o,..\..\components\newlib\armca5\libc.a,210,0,0,0,210,210,0
lib_a-mbrtowc.o,..\..\components\newlib\armca5\libc.a,52,1,0,0,53,53,0
lib_a-mbtowc_r.o,..\..\components\newlib\armca5\libc.a,36,0,0,0,36,36,0
lib_a-memchr.o,..\..\components\newlib\armca5\libc.a,232,0,0,0,232,232,0
lib_a-memcmp.o,..\..\components\newlib\armca5\libc.a,92,0,0,0,92,92,0
lib_a-memcpy-stub.o,..\..\components\newlib\armca5\libc.a,200,0,0,0,200,200,0
lib_a-memmem.o,..\..\components\newlib\armca5\libc.a,1064,0,0,0,1064,1064,0
lib_a-memmove.o,..\..\components\newlib\armca5\libc.a,212,0,0,0,212,212,0
lib_a-memset.o,..\..\components\newlib\armca5\libc.a,168,0,0,0,168,168,0
lib_a-mktime.o,..\..\components\newlib\armca5\libc.a,1212,96,0,0,1308,1308,0
lib_a-month_lengths.o,..\..\components\newlib\armca5\libc.a,0,96,0,0,96,96,0
lib_a-mprec.o,..\..\components\newlib\armca5\libc.a,2090,252,0,0,2342,2342,0
lib_a-perror.o,..\..\components\newlib\armca5\libc.a,268,40,0,0,308,308,0
lib_a-printf.o,..\..\components\newlib\armca5\libc.a,36,0,0,0,36,36,0
lib_a-putc.o,..\..\components\newlib\armca5\libc.a,104,0,0,0,104,104,0
lib_a-puts.o,..\..\components\newlib\armca5\libc.a,156,50,0,0,206,206,0
lib_a-qsort.o,..\..\components\newlib\armca5\libc.a,808,0,0,0,808,808,0
lib_a-rand.o,..\..\components\newlib\armca5\libc.a,80,0,0,0,80,80,0
lib_a-reent.o,..\..\components\newlib\armca5\libc.a,146,0,0,0,146,146,0
lib_a-refill.o,..\..\components\newlib\armca5\libc.a,278,0,0,0,278,278,0
lib_a-s_frexp.o,..\..\components\newlib\armca5\libc.a,112,0,0,0,112,112,0
lib_a-s_nan.o,..\..\components\newlib\armca5\libc.a,16,0,0,0,16,16,0
lib_a-sccl.o,..\..\components\newlib\armca5\libc.a,116,0,0,0,116,116,0
lib_a-sf_nan.o,..\..\components\newlib\armca5\libc.a,12,0,0,0,12,12,0
lib_a-siscanf.o,..\..\components\newlib\armca5\libc.a,84,0,0,0,84,84,0
lib_a-snprintf.o,..\..\components\newlib\armca5\libc.a,104,0,0,0,104,104,0
lib_a-sprintf.o,..\..\components\newlib\armca5\libc.a,64,0,0,0,64,64,0
lib_a-sscanf.o,..\..\components\newlib\armca5\libc.a,84,0,0,0,84,84,0
lib_a-stdio.o,..\..\components\newlib\armca5\libc.a,140,0,0,0,140,140,0
lib_a-strcasecmp.o,..\..\components\newlib\armca5\libc.a,68,0,0,0,68,68,0
lib_a-strcat.o,..\..\components\newlib\armca5\libc.a,64,0,0,0,64,64,0
lib_a-strchr.o,..\..\components\newlib\armca5\libc.a,208,0,0,0,208,208,0
lib_a-strcmp.o,..\..\components\newlib\armca5\libc.a,732,0,0,0,732,732,0
lib_a-strcpy.o,..\..\components\newlib\armca5\libc.a,196,0,0,0,196,196,0
lib_a-strcspn.o,..\..\components\newlib\armca5\libc.a,48,0,0,0,48,48,0
lib_a-strdup.o,..\..\components\newlib\armca5\libc.a,16,0,0,0,16,16,0
lib_a-strdup_r.o,..\..\components\newlib\armca5\libc.a,36,0,0,0,36,36,0
lib_a-strerror.o,..\..\components\newlib\armca5\libc.a,1152,1792,0,0,2944,2944,0
lib_a-strlen.o,..\..\components\newlib\armca5\libc.a,220,0,0,0,220,220,0
lib_a-strncasecmp.o,..\..\components\newlib\armca5\libc.a,84,0,0,0,84,84,0
lib_a-strncat.o,..\..\components\newlib\armca5\libc.a,92,0,0,0,92,92,0
lib_a-strncmp.o,..\..\components\newlib\armca5\libc.a,132,0,0,0,132,132,0
lib_a-strncpy.o,..\..\components\newlib\armca5\libc.a,116,0,0,0,116,116,0
lib_a-strndup.o,..\..\components\newlib\armca5\libc.a,20,0,0,0,20,20,0
lib_a-strndup_r.o,..\..\components\newlib\armca5\libc.a,64,0,0,0,64,64,0
lib_a-strnlen.o,..\..\components\newlib\armca5\libc.a,44,0,0,0,44,44,0
lib_a-strnstr.o,..\..\components\newlib\armca5\libc.a,60,0,0,0,60,60,0
lib_a-strrchr.o,..\..\components\newlib\armca5\libc.a,36,0,0,0,36,36,0
lib_a-strspn.o,..\..\components\newlib\armca5\libc.a,48,0,0,0,48,48,0
lib_a-strstr.o,..\..\components\newlib\armca5\libc.a,1092,0,0,0,1092,1092,0
lib_a-strtod.o,..\..\components\newlib\armca5\libc.a,3020,130,0,0,3150,3150,0
lib_a-strtok.o,..\..\components\newlib\armca5\libc.a,20,0,0,0,20,20,0
lib_a-strtok_r.o,..\..\components\newlib\armca5\libc.a,112,0,0,0,112,112,0
lib_a-strtol.o,..\..\components\newlib\armca5\libc.a,260,0,0,0,260,260,0
lib_a-strtoll.o,..\..\components\newlib\armca5\libc.a,324,0,0,0,324,324,0
lib_a-strtoul.o,..\..\components\newlib\armca5\libc.a,268,0,0,0,268,268,0
lib_a-strtoull.o,..\..\components\newlib\armca5\libc.a,312,0,0,0,312,312,0
lib_a-svfiprintf.o,..\..\components\newlib\armca5\libc.a,234,0,0,0,234,234,0
lib_a-svfiscanf.o,..\..\components\newlib\armca5\libc.a,4158,34,0,0,4192,4192,0
lib_a-svfprintf.o,..\..\components\newlib\armca5\libc.a,4884,78,0,0,4962,4962,0
lib_a-svfscanf.o,..\..\components\newlib\armca5\libc.a,4796,39,0,0,4835,4835,0
lib_a-time.o,..\..\components\newlib\armca5\libc.a,38,0,0,0,38,38,0
lib_a-tzcalc_limits.o,..\..\components\newlib\armca5\libc.a,340,0,0,0,340,340,0
lib_a-tzlock.o,..\..\components\newlib\armca5\libc.a,24,0,0,0,24,24,0
lib_a-tzset.o,..\..\components\newlib\armca5\libc.a,12,0,0,0,12,12,0
lib_a-tzset_r.o,..\..\components\newlib\armca5\libc.a,772,56,0,26,828,828,26
lib_a-tzvars.o,..\..\components\newlib\armca5\libc.a,0,4,8,8,4,12,16
lib_a-u_strerr.o,..\..\components\newlib\armca5\libc.a,4,0,0,0,4,4,0
lib_a-ungetc.o,..\..\components\newlib\armca5\libc.a,112,0,0,0,112,112,0
lib_a-utoa.o,..\..\components\newlib\armca5\libc.a,120,37,0,0,157,157,0
lib_a-vfiprintf.o,..\..\components\newlib\armca5\libc.a,104,0,0,0,104,104,0
lib_a-vfprintf.o,..\..\components\newlib\armca5\libc.a,5200,91,0,0,5291,5291,0
lib_a-vsnprintf.o,..\..\components\newlib\armca5\libc.a,116,0,0,0,116,116,0
lib_a-wbuf.o,..\..\components\newlib\armca5\libc.a,146,0,0,0,146,146,0
lib_a-wcrtomb.o,..\..\components\newlib\armca5\libc.a,44,0,0,0,44,44,0
lib_a-wctomb_r.o,..\..\components\newlib\armca5\libc.a,26,0,0,0,26,26,0
lib_a-wsetup.o,..\..\components\newlib\armca5\libc.a,176,0,0,0,176,176,0
lib_a-xpg_strerror_r.o,..\..\components\newlib\armca5\libc.a,100,0,0,0,100,100,0
quec_modem_interface.c.obj,..\..\components\ql-kernel\libs\libq_modem.a,1548,870,0,0,2418,2418,0
quec_usbnet.c.obj,..\..\components\ql-kernel\libs\libq_usbnet.a,2416,1126,20,12,3542,3562,32
ql_api_bt.c.obj,..\..\components\ql-kernel\libs\libql_api_bt.a,11408,4916,0,137,16324,16324,137
ql_bt_a2dp.c.obj,..\..\components\ql-kernel\libs\libql_api_bt.a,1254,708,16,32,1962,1978,48
ql_bt_avrcp.c.obj,..\..\components\ql-kernel\libs\libql_api_bt.a,1664,974,16,11,2638,2654,27
ql_bt_hfp.c.obj,..\..\components\ql-kernel\libs\libql_api_bt.a,2948,1620,60,26,4568,4628,86
ql_gatt_client.c.obj,..\..\components\ql-kernel\libs\libql_api_bt.a,5748,3598,108,16,9346,9454,124
ql_gatt_server.c.obj,..\..\components\ql-kernel\libs\libql_api_bt.a,7040,4533,72,38,11573,11645,110
ql_api_camera.c.obj,..\..\components\ql-kernel\libs\libql_api_camera.a,1144,1055,0,52,2199,2199,52
ql_log.c.obj,..\..\components\ql-kernel\libs\libql_api_common.a,188,45,1,0,233,234,1
ql_api_datacall.c.obj,..\..\components\ql-kernel\libs\libql_api_datacall.a,5524,2843,0,40,8367,8367,40
ql_api_dev.c.obj,..\..\components\ql-kernel\libs\libql_api_dev.a,1372,532,0,0,1904,1904,0
ql_adc.c.obj,..\..\components\ql-kernel\libs\libql_api_drivers.a,300,0,2,0,300,302,2
ql_gpio.c.obj,..\..\components\ql-kernel\libs\libql_api_drivers.a,2460,786,0,128,3246,3246,128
ql_i2c.c.obj,..\..\components\ql-kernel\libs\libql_api_drivers.a,428,376,24,0,804,828,24
ql_keypad.c.obj,..\..\components\ql-kernel\libs\libql_api_drivers.a,322,299,0,0,621,621,0
ql_lcd.c.obj,..\..\components\ql-kernel\libs\libql_api_drivers.a,1056,372,12,8,1428,1440,20
ql_led.c.obj,..\..\components\ql-kernel\libs\libql_api_drivers.a,52,0,0,4,52,52,4
ql_pwm.c.obj,..\..\components\ql-kernel\libs\libql_api_drivers.a,308,350,0,4,658,658,4
ql_uart.c.obj,..\..\components\ql-kernel\libs\libql_api_drivers.a,3518,1378,24,144,4896,4920,168
ql_wifi_scan.c.obj,..\..\components\ql-kernel\libs\libql_api_drivers.a,1412,803,16,14,2215,2231,30
ql_api_fota.c.obj,..\..\components\ql-kernel\libs\libql_api_fota.a,1568,1106,2,0,2674,2676,2
ql_fs.c.obj,..\..\components\ql-kernel\libs\libql_api_fs.a,3580,1684,0,0,5264,5264,0
ql_fs_handler.c.obj,..\..\components\ql-kernel\libs\libql_api_fs.a,1440,734,108,12,2174,2282,120
ql_ftp_client.c.obj,..\..\components\ql-kernel\libs\libql_api_ftp.a,3358,682,8,0,4040,4048,8
ql_http_client.c.obj,..\..\components\ql-kernel\libs\libql_api_http.a,1932,407,0,4,2339,2339,4
ql_mqttclient.c.obj,..\..\components\ql-kernel\libs\libql_api_mqtt.a,2238,272,0,20,2510,2510,20
ql_api_nw.c.obj,..\..\components\ql-kernel\libs\libql_api_nw.a,6292,2901,48,20,9193,9241,68
ql_api_osi.c.obj,..\..\components\ql-kernel\libs\libql_api_osi.a,2880,1261,16,4,4141,4157,20
quec_event.c.obj,..\..\components\ql-kernel\libs\libql_api_osi.a,2450,1666,4,16,4116,4120,20
ql_power.c.obj,..\..\components\ql-kernel\libs\libql_api_power.a,1832,1387,6,10,3219,3225,16
ql_api_rtc.c.obj,..\..\components\ql-kernel\libs\libql_api_rtc.a,1502,1536,76,28,3038,3114,104
ql_api_sim.c.obj,..\..\components\ql-kernel\libs\libql_api_sim.a,3732,1213,0,1,4945,4945,1
ql_api_sms.c.obj,..\..\components\ql-kernel\libs\libql_api_sms.a,6516,1904,212,5,8420,8632,217
ql_sms_utf.c.obj,..\..\components\ql-kernel\libs\libql_api_sms.a,712,280,0,0,992,992,0
ql_api_spi.c.obj,..\..\components\ql-kernel\libs\libql_api_spi.a,1650,600,0,16,2250,2250,16
ql_api_spi_flash.c.obj,..\..\components\ql-kernel\libs\libql_api_spi_flash.a,2094,877,4,0,2971,2975,4
ql_api_virt_at.c.obj,..\..\components\ql-kernel\libs\libql_api_virt_at.a,1200,822,0,4,2022,2022,4
ql_api_voice_call.c.obj,..\..\components\ql-kernel\libs\libql_api_voice_call.a,4006,1275,80,4,5281,5361,84
ql_api_volte.c.obj,..\..\components\ql-kernel\libs\libql_api_volte.a,552,394,0,3,946,946,3
ql_ssl_ctx.c.obj,..\..\components\ql-kernel\libs\libql_apptcpip.a,658,0,0,600,658,658,600
ql_tcpip_app.c.obj,..\..\components\ql-kernel\libs\libql_at.a,7372,2142,48,48,9514,9562,96
quec_at_app_init.c.obj,..\..\components\ql-kernel\libs\libql_at.a,42,0,0,0,42,42,0
quec_atcmd_general.c.obj,..\..\components\ql-kernel\libs\libql_at.a,10808,4109,279,69,14917,15196,348
quec_atcmd_hw.c.obj,..\..\components\ql-kernel\libs\libql_at.a,1872,406,24,0,2278,2302,24
quec_atcmd_network.c.obj,..\..\components\ql-kernel\libs\libql_at.a,11150,4949,233,605,16099,16332,838
quec_atcmd_qcfg.c.obj,..\..\components\ql-kernel\libs\libql_at.a,4406,2313,120,1,6719,6839,121
quec_atcmd_qdbgcfg.c.obj,..\..\components\ql-kernel\libs\libql_at.a,1444,422,108,0,1866,1974,108
quec_atcmd_qfotadl.c.obj,..\..\components\ql-kernel\libs\libql_at.a,6050,4296,492,8,10346,10838,500
quec_atcmd_sim.c.obj,..\..\components\ql-kernel\libs\libql_at.a,1080,231,4,0,1311,1315,4
quec_data_engine.c.obj,..\..\components\ql-kernel\libs\libql_at.a,898,253,0,12,1151,1151,12
quec_msg_process.c.obj,..\..\components\ql-kernel\libs\libql_at.a,264,122,0,4,386,386,4
quec_pdp_kalive_app.c.obj,..\..\components\ql-kernel\libs\libql_at.a,1784,821,0,116,2605,2605,116
ql_audio.c.obj,..\..\components\ql-kernel\libs\libql_audio.a,5796,2479,4,131,8275,8279,135
quec_camera.c.obj,..\..\components\ql-kernel\libs\libql_bsp.a,1232,343,0,1,1575,1575,1
quec_gpio_init.c.obj,..\..\components\ql-kernel\libs\libql_bsp.a,140,0,0,0,140,140,0
quec_led_cfg_tbl.c.obj,..\..\components\ql-kernel\libs\libql_bsp.a,984,301,0,336,1285,1285,336
quec_led_task.c.obj,..\..\components\ql-kernel\libs\libql_bsp.a,1638,1051,10,44,2689,2699,54
quec_sdmmc_cfg.c.obj,..\..\components\ql-kernel\libs\libql_bsp.a,2308,777,0,521,3085,3085,521
base64.c.obj,..\..\components\ql-kernel\libs\libql_curl.a,548,89,0,0,637,637,0
conncache.c.obj,..\..\components\ql-kernel\libs\libql_curl.a,1368,130,0,0,1498,1498,0
connect.c.obj,..\..\components\ql-kernel\libs\libql_curl.a,3390,748,0,0,4138,4138,0
content_encoding.c.obj,..\..\components\ql-kernel\libs\libql_curl.a,4,0,0,0,4,4,0
curl_addrinfo.c.obj,..\..\components\ql-kernel\libs\libql_curl.a,724,0,0,0,724,724,0
curl_ctype.c.obj,..\..\components\ql-kernel\libs\libql_curl.a,208,128,0,0,336,336,0
curl_fnmatch.c.obj,..\..\components\ql-kernel\libs\libql_curl.a,1070,49,0,0,1119,1119,0
curl_range.c.obj,..\..\components\ql-kernel\libs\libql_curl.a,276,144,0,0,420,420,0
dotdot.c.obj,..\..\components\ql-kernel\libs\libql_curl.a,360,16,0,0,376,376,0
dynbuf.c.obj,..\..\components\ql-kernel\libs\libql_curl.a,432,0,0,0,432,432,0
easy.c.obj,..\..\components\ql-kernel\libs\libql_curl.a,588,127,20,4,715,735,24
escape.c.obj,..\..\components\ql-kernel\libs\libql_curl.a,278,0,0,0,278,278,0
fileinfo.c.obj,..\..\components\ql-kernel\libs\libql_curl.a,52,0,0,0,52,52,0
ftp.c.obj,..\..\components\ql-kernel\libs\libql_curl.a,12560,3792,0,0,16352,16352,0
ftplistparser.c.obj,..\..\components\ql-kernel\libs\libql_curl.a,2396,54,0,0,2450,2450,0
getenv.c.obj,..\..\components\ql-kernel\libs\libql_curl.a,32,0,0,0,32,32,0
getinfo.c.obj,..\..\components\ql-kernel\libs\libql_curl.a,1880,82,0,0,1962,1962,0
hash.c.obj,..\..\components\ql-kernel\libs\libql_curl.a,656,0,0,0,656,656,0
hostip.c.obj,..\..\components\ql-kernel\libs\libql_curl.a,1908,441,0,0,2349,2349,0
hostip6.c.obj,..\..\components\ql-kernel\libs\libql_curl.a,248,33,0,0,281,281,0
http_proxy.c.obj,..\..\components\ql-kernel\libs\libql_curl.a,2,0,0,0,2,2,0
if2ip.c.obj,..\..\components\ql-kernel\libs\libql_curl.a,132,0,0,0,132,132,0
llist.c.obj,..\..\components\ql-kernel\libs\libql_curl.a,192,0,0,0,192,192,0
mbedtls.c.obj,..\..\components\ql-kernel\libs\libql_curl.a,2718,1605,0,0,4323,4323,0
mprintf.c.obj,..\..\components\ql-kernel\libs\libql_curl.a,3168,91,0,0,3259,3259,0
multi.c.obj,..\..\components\ql-kernel\libs\libql_curl.a,8214,1077,0,0,9291,9291,0
nonblock.c.obj,..\..\components\ql-kernel\libs\libql_curl.a,32,0,0,0,32,32,0
parsedate.c.obj,..\..\components\ql-kernel\libs\libql_curl.a,1140,1140,0,0,2280,2280,0
pingpong.c.obj,..\..\components\ql-kernel\libs\libql_curl.a,1332,239,0,0,1571,1571,0
progress.c.obj,..\..\components\ql-kernel\libs\libql_curl.a,1726,19,0,0,1745,1745,0
quectel_curl_io.c.obj,..\..\components\ql-kernel\libs\libql_curl.a,458,192,0,4,650,650,4
select.c.obj,..\..\components\ql-kernel\libs\libql_curl.a,838,0,0,0,838,838,0
sendf.c.obj,..\..\components\ql-kernel\libs\libql_curl.a,1202,277,0,0,1479,1479,0
setopt.c.obj,..\..\components\ql-kernel\libs\libql_curl.a,6080,1,0,0,6081,6081,0
share.c.obj,..\..\components\ql-kernel\libs\libql_curl.a,72,0,0,0,72,72,0
slist.c.obj,..\..\components\ql-kernel\libs\libql_curl.a,144,0,0,0,144,144,0
socketpair.c.obj,..\..\components\ql-kernel\libs\libql_curl.a,340,33,0,0,373,373,0
speedcheck.c.obj,..\..\components\ql-kernel\libs\libql_curl.a,184,77,0,0,261,261,0
splay.c.obj,..\..\components\ql-kernel\libs\libql_curl.a,650,32,0,0,682,682,0
strcase.c.obj,..\..\components\ql-kernel\libs\libql_curl.a,164,0,0,0,164,164,0
strdup.c.obj,..\..\components\ql-kernel\libs\libql_curl.a,44,0,0,0,44,44,0
strerror.c.obj,..\..\components\ql-kernel\libs\libql_curl.a,152,3742,0,0,3894,3894,0
strtoofft.c.obj,..\..\components\ql-kernel\libs\libql_curl.a,114,0,0,0,114,114,0
timeval.c.obj,..\..\components\ql-kernel\libs\libql_curl.a,270,0,0,0,270,270,0
transfer.c.obj,..\..\components\ql-kernel\libs\libql_curl.a,4146,1073,0,0,5219,5219,0
url.c.obj,..\..\components\ql-kernel\libs\libql_curl.a,8074,1461,0,0,9535,9535,0
urlapi.c.obj,..\..\components\ql-kernel\libs\libql_curl.a,4734,329,0,0,5063,5063,0
vtls.c.obj,..\..\components\ql-kernel\libs\libql_curl.a,3160,336,12,209,3496,3508,221
warnless.c.obj,..\..\components\ql-kernel\libs\libql_curl.a,98,0,0,0,98,98,0
wildcard.c.obj,..\..\components\ql-kernel\libs\libql_curl.a,98,0,0,0,98,98,0
quec_sfs_file.c.obj,..\..\components\ql-kernel\libs\libql_file.a,4600,1441,16,0,6041,6057,16
quec_vfs_file.c.obj,..\..\components\ql-kernel\libs\libql_file.a,404,179,0,0,583,583,0
quec_ftp_client_c.c.obj,..\..\components\ql-kernel\libs\libql_ftp.a,6064,2418,0,0,8482,8482,0
quec_http_client.c.obj,..\..\components\ql-kernel\libs\libql_http.a,13252,3570,90,13,16822,16912,103
ql_lbs_client.c.obj,..\..\components\ql-kernel\libs\libql_lbs.a,5672,1114,0,12,6786,6786,12
ql_mms_client.c.obj,..\..\components\ql-kernel\libs\libql_mms.a,3624,1421,72,4,5045,5117,76
ql_mms_engine.c.obj,..\..\components\ql-kernel\libs\libql_mms.a,5526,1650,264,0,7176,7440,264
mqtt_packet.c.obj,..\..\components\ql-kernel\libs\libql_mqtt.a,2332,575,108,0,2907,3015,108
ql_mqtt_client.c.obj,..\..\components\ql-kernel\libs\libql_mqtt.a,9216,1731,0,16,10947,10947,16
ql_socket.c.obj,..\..\components\ql-kernel\libs\libql_net.a,5276,1272,0,34,6548,6548,34
ql_ssl.c.obj,..\..\components\ql-kernel\libs\libql_net.a,4094,847,0,0,4941,4941,0
ql_ntp_client.c.obj,..\..\components\ql-kernel\libs\libql_ntp.a,2574,685,0,12,3259,3259,12
ql_ping_app.c.obj,..\..\components\ql-kernel\libs\libql_ping.a,2248,609,0,12,2857,2857,12
quec_power_mg.c.obj,..\..\components\ql-kernel\libs\libql_power.a,2204,1865,117,41,4069,4186,158
quec_ppp.c.obj,..\..\components\ql-kernel\libs\libql_ppp.a,276,110,0,0,386,386,0
quec_rtos.c.obj,..\..\components\ql-kernel\libs\libql_rtos.a,180,0,0,0,180,180,0
ber_tlv_length.c.obj,..\..\components\ql-kernel\libs\libql_tlv.a,184,0,0,0,184,184,0
ber_tlv_tag.c.obj,..\..\components\ql-kernel\libs\libql_tlv.a,206,0,0,0,206,206,0
quec_linklist.c.obj,..\..\components\ql-kernel\libs\libql_urc.a,1262,0,0,0,1262,1262,0
quec_urc.c.obj,..\..\components\ql-kernel\libs\libql_urc.a,8,0,0,0,8,8,0
base64.c.obj,..\..\components\ql-kernel\libs\libql_utils.a,184,65,0,0,249,249,0
ringbuffer.c.obj,..\..\components\ql-kernel\libs\libql_utils.a,228,0,0,0,228,228,0
quec_init.c.obj,..\..\components\ql-kernel\libs\libquectel.a,408,190,0,4,598,598,4
quec_normalpowd.c.obj,..\..\components\ql-kernel\libs\libquectel.a,276,20,0,6,296,296,6
quec_ver.c.obj,..\..\components\ql-kernel\libs\libquectel.a,0,34,0,0,34,34,0
_aeabi_ldivmod.o,..\..\prebuilts\win32\gcc-arm-none-eabi\lib\gcc\arm-none-eabi\7.2.1\thumb\v7-ar\fpv3\hard\libgcc.a,160,0,0,0,160,160,0
_aeabi_uldivmod.o,..\..\prebuilts\win32\gcc-arm-none-eabi\lib\gcc\arm-none-eabi\7.2.1\thumb\v7-ar\fpv3\hard\libgcc.a,48,0,0,0,48,48,0
_arm_addsubdf3.o,..\..\prebuilts\win32\gcc-arm-none-eabi\lib\gcc\arm-none-eabi\7.2.1\thumb\v7-ar\fpv3\hard\libgcc.a,888,0,0,0,888,888,0
_divsi3.o,..\..\prebuilts\win32\gcc-arm-none-eabi\lib\gcc\arm-none-eabi\7.2.1\thumb\v7-ar\fpv3\hard\libgcc.a,688,0,0,0,688,688,0
_dvmd_tls.o,..\..\prebuilts\win32\gcc-arm-none-eabi\lib\gcc\arm-none-eabi\7.2.1\thumb\v7-ar\fpv3\hard\libgcc.a,4,0,0,0,4,4,0
_fixdfdi.o,..\..\prebuilts\win32\gcc-arm-none-eabi\lib\gcc\arm-none-eabi\7.2.1\thumb\v7-ar\fpv3\hard\libgcc.a,36,0,0,0,36,36,0
_fixunsdfdi.o,..\..\prebuilts\win32\gcc-arm-none-eabi\lib\gcc\arm-none-eabi\7.2.1\thumb\v7-ar\fpv3\hard\libgcc.a,80,0,0,0,80,80,0
_udivmoddi4.o,..\..\prebuilts\win32\gcc-arm-none-eabi\lib\gcc\arm-none-eabi\7.2.1\thumb\v7-ar\fpv3\hard\libgcc.a,324,0,0,0,324,324,0
_udivsi3.o,..\..\prebuilts\win32\gcc-arm-none-eabi\lib\gcc\arm-none-eabi\7.2.1\thumb\v7-ar\fpv3\hard\libgcc.a,632,0,0,0,632,632,0
app_loader.c.obj,lib\libapploader.a,628,249,0,16,877,877,16
core_export.o,lib\libapploader.a,136,5400,4,0,5536,5540,4
app_start.c.obj,libappstart.a,1032,301,0,0,1333,1333,0
at_cmd_cfg.c.obj,lib\libatr.a,1340,451,0,18792,1791,1791,18792
at_cmd_cfg_default.c.obj,lib\libatr.a,0,9396,0,0,9396,9396,0
at_device.c.obj,lib\libatr.a,122,0,0,0,122,122,0
at_device_diag.c.obj,lib\libatr.a,298,0,0,0,298,298,0
at_device_uart.c.obj,lib\libatr.a,1342,52,0,0,1394,1394,0
at_device_userial.c.obj,lib\libatr.a,720,28,0,0,748,748,0
at_device_virt.c.obj,lib\libatr.a,616,14,0,0,630,630,0
at_engine.c.obj,lib\libatr.a,1218,229,0,16,1447,1447,16
at_param.c.obj,lib\libatr.a,1266,28,0,0,1294,1294,0
at_parse.c.obj,lib\libatr.a,730,9306,0,0,10036,10036,0
at_response.c.obj,lib\libatr.a,2116,5971,0,16,8087,8087,16
at_setting.pb.c.obj,lib\libatr.a,0,1190,0,0,1190,1190,0
at_setting_codec.c.obj,lib\libatr.a,2904,0,0,0,2904,2904,0
at_cmd_engine.c.obj,lib\libatr_core1.a,2356,27,0,4,2383,2383,4
at_data_engine.c.obj,lib\libatr_core1.a,474,24,0,0,498,498,0
at_dispatch.c.obj,lib\libatr_core1.a,2108,136,0,8,2244,2244,8
at_cmux_engine.c.obj,lib\libatr_core2.a,2544,26,0,0,2570,2570,0
at_parse.lex.c.obj,lib\libatr_core2.a,1938,1613,0,0,3551,3551,0
at_parse.y.c.obj,lib\libatr_core2.a,712,595,0,12,1307,1307,12
at_cfw.c.obj,lib\libats.a,3238,504,4,6852,3742,3746,6856
at_cmd_audio.c.obj,lib\libats.a,4092,507,0,44,4599,4599,44
at_cmd_battery.c.obj,lib\libats.a,292,137,2,0,429,431,2
at_cmd_blueu_verify.c.obj,lib\libats.a,3210,809,0,120,4019,4019,120
at_cmd_bt.c.obj,lib\libats.a,8,0,0,0,8,8,0
at_cmd_bt_app.c.obj,lib\libats.a,276,141,0,4,417,417,4
at_cmd_cc.c.obj,lib\libats.a,10406,2824,0,118,13230,13230,118
at_cmd_create_atch.c.obj,lib\libats.a,120,24,0,0,144,144,0
at_cmd_debug.c.obj,lib\libats.a,1574,275,28,0,1849,1877,28
at_cmd_emod.c.obj,lib\libats.a,1498,908,0,6,2406,2406,6
at_cmd_gc.c.obj,lib\libats.a,7546,1773,0,81,9319,9319,81
at_cmd_gprs.c.obj,lib\libats.a,28814,25799,1,156,54613,54614,157
at_cmd_id.c.obj,lib\libats.a,412,101,0,0,513,513,0
at_cmd_netif.c.obj,lib\libats.a,640,241,0,0,881,881,0
at_cmd_newMyftp.c.obj,lib\libats.a,4412,2219,0,517,6631,6631,517
at_cmd_nv.c.obj,lib\libats.a,1480,113,0,0,1593,1593,0
at_cmd_nw.c.obj,lib\libats.a,23544,7403,14,24,30947,30961,38
at_cmd_pbk.c.obj,lib\libats.a,944,315,0,0,1259,1259,0
at_cmd_sat.c.obj,lib\libats.a,14850,7040,5,745,21890,21895,750
at_cmd_sim.c.obj,lib\libats.a,11496,3495,1,189,14991,14992,190
at_cmd_simlock.c.obj,lib\libats.a,1112,291,0,0,1403,1403,0
at_cmd_sms.c.obj,lib\libats.a,18158,2254,0,2,20412,20412,2
at_cmd_ss.c.obj,lib\libats.a,10626,4506,66,371,15132,15198,437
at_cmd_ssim.c.obj,lib\libats.a,8,0,0,0,8,8,0
at_cmd_sysnv.c.obj,lib\libats.a,372,966,0,0,1338,1338,0
at_cmd_vsim.c.obj,lib\libats.a,540,375,0,16,915,915,16
at_cmd_wifi.c.obj,lib\libats.a,1136,404,0,12,1540,1540,12
at_ss_api.c.obj,lib\libats.a,110,0,0,0,110,110,0
audio_decoder.c.obj,lib\libaudio.a,198,32,0,0,230,230,0
audio_device.c.obj,lib\libaudio.a,6012,1500,0,1216,7512,7512,1216
audio_device.pb.c.obj,lib\libaudio.a,0,100,0,0,100,100,0
audio_encoder.c.obj,lib\libaudio.a,158,32,0,0,190,190,0
audio_reader.c.obj,lib\libaudio.a,660,111,0,0,771,771,0
audio_types.c.obj,lib\libaudio.a,340,32,0,0,372,372,0
audio_writer.c.obj,lib\libaudio.a,146,62,0,0,208,208,0
a_refl.cpp.obj,lib\libaudio_core.a,418,0,0,0,418,418,0
add.cpp.obj,lib\libaudio_core.a,40,0,0,0,40,40,0
agc.cpp.obj,lib\libaudio_core.a,666,0,0,0,666,666,0
agc2_amr_wb.cpp.obj,lib\libaudio_core.a,344,0,0,0,344,344,0
amrdecode.cpp.obj,lib\libaudio_core.a,196,0,0,0,196,196,0
amrencode.cpp.obj,lib\libaudio_core.a,366,8,0,0,374,374,0
audio_decoder_amrnb.c.obj,lib\libaudio_core.a,704,194,0,0,898,898,0
audio_decoder_amrwb.c.obj,lib\libaudio_core.a,712,197,0,0,909,909,0
audio_decoder_mp3.c.obj,lib\libaudio_core.a,11504,8194,0,0,19698,19698,0
audio_decoder_pcm.c.obj,lib\libaudio_core.a,460,117,0,0,577,577,0
audio_decoder_sbc.c.obj,lib\libaudio_core.a,976,382,0,0,1358,1358,0
audio_decoder_wav.c.obj,lib\libaudio_core.a,704,123,0,0,827,827,0
audio_encoder_amrnb.c.obj,lib\libaudio_core.a,464,118,0,0,582,582,0
audio_encoder_amrwb.c.obj,lib\libaudio_core.a,472,118,0,0,590,590,0
audio_encoder_pcm.c.obj,lib\libaudio_core.a,156,86,0,0,242,242,0
audio_encoder_wav.c.obj,lib\libaudio_core.a,632,115,0,0,747,747,0
audio_player.c.obj,lib\libaudio_core.a,1152,461,0,0,1613,1613,0
audio_recorder.c.obj,lib\libaudio_core.a,670,326,0,0,996,996,0
autocorr.c.obj,lib\libaudio_core.a,430,768,0,0,1198,1198,0
autocorr.cpp.obj,lib\libaudio_core.a,392,0,0,0,392,392,0
az_isp.c.obj,lib\libaudio_core.a,686,202,0,0,888,888,0
az_lsp.cpp.obj,lib\libaudio_core.a,520,0,0,0,520,520,0
b_cn_cod.cpp.obj,lib\libaudio_core.a,260,0,0,0,260,260,0
band_pass_6k_7k.cpp.obj,lib\libaudio_core.a,424,60,0,0,484,484,0
bgnscd.cpp.obj,lib\libaudio_core.a,376,0,0,0,376,376,0
bitno_tab.cpp.obj,lib\libaudio_core.a,0,488,0,0,488,488,0
bitreorder_tab.cpp.obj,lib\libaudio_core.a,0,2534,0,0,2534,2534,0
bits.c.obj,lib\libaudio_core.a,474,5994,0,0,6468,6468,0
c1035pf.cpp.obj,lib\libaudio_core.a,678,0,0,0,678,678,0
c2_11pf.cpp.obj,lib\libaudio_core.a,936,12,0,0,948,948,0
c2_9pf.cpp.obj,lib\libaudio_core.a,898,40,0,0,938,938,0
c2_9pf_tab.cpp.obj,lib\libaudio_core.a,0,32,0,0,32,32,0
c2t64fx.c.obj,lib\libaudio_core.a,956,0,0,0,956,956,0
c3_14pf.cpp.obj,lib\libaudio_core.a,1090,0,0,0,1090,1090,0
c4_17pf.cpp.obj,lib\libaudio_core.a,1194,0,0,0,1194,1194,0
c4t64fx.c.obj,lib\libaudio_core.a,3510,72,0,0,3582,3582,0
c8_31pf.cpp.obj,lib\libaudio_core.a,752,0,0,0,752,752,0
c_g_aver.cpp.obj,lib\libaudio_core.a,732,0,0,0,732,732,0
calc_cor.cpp.obj,lib\libaudio_core.a,216,0,0,0,216,216,0
calc_en.cpp.obj,lib\libaudio_core.a,1032,0,0,0,1032,1032,0
cbsearch.cpp.obj,lib\libaudio_core.a,568,0,0,0,568,568,0
cl_ltp.cpp.obj,lib\libaudio_core.a,474,0,0,0,474,474,0
cmnMemory.c.obj,lib\libaudio_core.a,76,0,0,0,76,76,0
cod_amr.cpp.obj,lib\libaudio_core.a,2416,60,0,0,2476,2476,0
convolve.cpp.obj,lib\libaudio_core.a,158,0,0,0,158,158,0
convolve_neon.s.obj,lib\libaudio_core.a,456,0,0,0,456,456,0
cor_h.cpp.obj,lib\libaudio_core.a,428,0,0,0,428,428,0
cor_h_vec_neon.s.obj,lib\libaudio_core.a,356,0,0,0,356,356,0
cor_h_x.c.obj,lib\libaudio_core.a,478,0,0,0,478,478,0
cor_h_x.cpp.obj,lib\libaudio_core.a,308,0,0,0,308,308,0
cor_h_x2.cpp.obj,lib\libaudio_core.a,196,0,0,0,196,196,0
corrwght_tab.cpp.obj,lib\libaudio_core.a,0,502,0,0,502,502,0
d1035pf.cpp.obj,lib\libaudio_core.a,116,0,0,0,116,116,0
d2_11pf.cpp.obj,lib\libaudio_core.a,94,0,0,0,94,94,0
d2_9pf.cpp.obj,lib\libaudio_core.a,120,0,0,0,120,120,0
d3_14pf.cpp.obj,lib\libaudio_core.a,110,0,0,0,110,110,0
d4_17pf.cpp.obj,lib\libaudio_core.a,130,0,0,0,130,130,0
d8_31pf.cpp.obj,lib\libaudio_core.a,424,0,0,0,424,424,0
d_gain_c.cpp.obj,lib\libaudio_core.a,274,0,0,0,274,274,0
d_gain_p.cpp.obj,lib\libaudio_core.a,16,0,0,0,16,16,0
d_plsf.cpp.obj,lib\libaudio_core.a,38,0,0,0,38,38,0
d_plsf_3.cpp.obj,lib\libaudio_core.a,600,0,0,0,600,600,0
d_plsf_5.cpp.obj,lib\libaudio_core.a,596,0,0,0,596,596,0
dec_acelp_2p_in_64.cpp.obj,lib\libaudio_core.a,66,0,0,0,66,66,0
dec_acelp_4p_in_64.cpp.obj,lib\libaudio_core.a,554,0,0,0,554,554,0
dec_alg_codebook.cpp.obj,lib\libaudio_core.a,950,0,0,0,950,950,0
dec_amr.cpp.obj,lib\libaudio_core.a,3216,0,0,0,3216,3216,0
dec_gain.cpp.obj,lib\libaudio_core.a,424,0,0,0,424,424,0
dec_gain2_amr_wb.cpp.obj,lib\libaudio_core.a,846,56,0,0,902,902,0
dec_input_format_tab.cpp.obj,lib\libaudio_core.a,0,64,0,0,64,64,0
dec_lag3.cpp.obj,lib\libaudio_core.a,190,0,0,0,190,190,0
dec_lag6.cpp.obj,lib\libaudio_core.a,124,0,0,0,124,124,0
decim54.c.obj,lib\libaudio_core.a,562,240,0,0,802,802,0
deemph.c.obj,lib\libaudio_core.a,78,0,0,0,78,78,0
Deemph_32_neon.s.obj,lib\libaudio_core.a,224,0,0,0,224,224,0
deemphasis_32.cpp.obj,lib\libaudio_core.a,222,0,0,0,222,222,0
div_32.cpp.obj,lib\libaudio_core.a,236,0,0,0,236,236,0
div_s.cpp.obj,lib\libaudio_core.a,88,0,0,0,88,88,0
Dot_p_neon.s.obj,lib\libaudio_core.a,308,0,0,0,308,308,0
dtx.c.obj,lib\libaudio_core.a,2028,18,0,0,2046,2046,0
dtx_dec.cpp.obj,lib\libaudio_core.a,2614,38,0,0,2652,2652,0
dtx_decoder_amr_wb.cpp.obj,lib\libaudio_core.a,1764,0,0,0,1764,1764,0
dtx_enc.cpp.obj,lib\libaudio_core.a,768,0,0,0,768,768,0
ec_gains.cpp.obj,lib\libaudio_core.a,408,28,0,0,436,436,0
enc_lag3.cpp.obj,lib\libaudio_core.a,148,0,0,0,148,148,0
enc_lag6.cpp.obj,lib\libaudio_core.a,40,0,0,0,40,40,0
enc_output_format_tab.cpp.obj,lib\libaudio_core.a,0,64,0,0,64,64,0
ets_to_if2.cpp.obj,lib\libaudio_core.a,566,0,0,0,566,566,0
ets_to_wmf.cpp.obj,lib\libaudio_core.a,864,0,0,0,864,864,0
ex_ctrl.cpp.obj,lib\libaudio_core.a,306,0,0,0,306,306,0
Filt_6k_7k_neon.s.obj,lib\libaudio_core.a,640,0,0,0,640,640,0
g_adapt.cpp.obj,lib\libaudio_core.a,288,0,0,0,288,288,0
g_code.cpp.obj,lib\libaudio_core.a,228,0,0,0,228,228,0
g_pitch.c.obj,lib\libaudio_core.a,204,0,0,0,204,204,0
g_pitch.cpp.obj,lib\libaudio_core.a,474,0,0,0,474,474,0
gain_q.cpp.obj,lib\libaudio_core.a,916,0,0,0,916,916,0
gains_tbl.cpp.obj,lib\libaudio_core.a,0,230,0,0,230,230,0
gc_pred.cpp.obj,lib\libaudio_core.a,746,16,0,0,762,762,0
get_amr_wb_bits.cpp.obj,lib\libaudio_core.a,104,0,0,0,104,104,0
get_const_tbls.cpp.obj,lib\libaudio_core.a,280,0,0,0,280,280,0
gmed_n.cpp.obj,lib\libaudio_core.a,112,0,0,0,112,112,0
gpclip.c.obj,lib\libaudio_core.a,154,0,0,0,154,154,0
gray_tbl.cpp.obj,lib\libaudio_core.a,0,32,0,0,32,32,0
grid_tbl.cpp.obj,lib\libaudio_core.a,0,122,0,0,122,122,0
highpass_400hz_at_12k8.cpp.obj,lib\libaudio_core.a,158,0,0,0,158,158,0
highpass_50hz_at_12k8.cpp.obj,lib\libaudio_core.a,186,0,0,0,186,186,0
homing.c.obj,lib\libaudio_core.a,28,0,0,0,28,28,0
homing_amr_wb_dec.cpp.obj,lib\libaudio_core.a,468,468,0,0,936,936,0
hp400.c.obj,lib\libaudio_core.a,156,0,0,0,156,156,0
hp50.c.obj,lib\libaudio_core.a,188,0,0,0,188,188,0
hp6k.c.obj,lib\libaudio_core.a,6,62,0,0,68,68,0
hp_max.cpp.obj,lib\libaudio_core.a,518,0,0,0,518,518,0
hp_wsp.c.obj,lib\libaudio_core.a,410,0,0,0,410,410,0
if2_to_ets.cpp.obj,lib\libaudio_core.a,200,0,0,0,200,200,0
int_lpc.c.obj,lib\libaudio_core.a,104,0,0,0,104,104,0
int_lpc.cpp.obj,lib\libaudio_core.a,560,0,0,0,560,560,0
int_lsf.cpp.obj,lib\libaudio_core.a,146,0,0,0,146,146,0
inter_36.cpp.obj,lib\libaudio_core.a,136,0,0,0,136,136,0
inter_36_tab.cpp.obj,lib\libaudio_core.a,0,50,0,0,50,50,0
interpolate_isp.cpp.obj,lib\libaudio_core.a,170,0,0,0,170,170,0
inv_sqrt.cpp.obj,lib\libaudio_core.a,80,0,0,0,80,80,0
inv_sqrt_tbl.cpp.obj,lib\libaudio_core.a,0,98,0,0,98,98,0
isf_extrapolation.cpp.obj,lib\libaudio_core.a,1004,0,0,0,1004,1004,0
isp_az.c.obj,lib\libaudio_core.a,1016,0,0,0,1016,1016,0
isp_az.cpp.obj,lib\libaudio_core.a,912,0,0,0,912,912,0
isp_isf.c.obj,lib\libaudio_core.a,184,514,0,0,698,698,0
isp_isf.cpp.obj,lib\libaudio_core.a,128,258,0,0,386,386,0
l_abs.cpp.obj,lib\libaudio_core.a,10,0,0,0,10,10,0
l_comp.cpp.obj,lib\libaudio_core.a,38,0,0,0,38,38,0
l_extract.cpp.obj,lib\libaudio_core.a,14,0,0,0,14,14,0
l_negate.cpp.obj,lib\libaudio_core.a,14,0,0,0,14,14,0
l_shr_r.cpp.obj,lib\libaudio_core.a,66,0,0,0,66,66,0
lag_wind.c.obj,lib\libaudio_core.a,64,64,0,0,128,128,0
lag_wind.cpp.obj,lib\libaudio_core.a,152,0,0,0,152,152,0
lag_wind_tab.cpp.obj,lib\libaudio_core.a,0,40,0,0,40,40,0
lagconceal.cpp.obj,lib\libaudio_core.a,604,0,0,0,604,604,0
levinson.c.obj,lib\libaudio_core.a,684,0,0,0,684,684,0
levinson.cpp.obj,lib\libaudio_core.a,898,0,0,0,898,898,0
log2.c.obj,lib\libaudio_core.a,116,66,0,0,182,182,0
log2.cpp.obj,lib\libaudio_core.a,30,0,0,0,30,30,0
log2_norm.cpp.obj,lib\libaudio_core.a,64,0,0,0,64,64,0
log2_tbl.cpp.obj,lib\libaudio_core.a,0,66,0,0,66,66,0
low_pass_filt_7k.cpp.obj,lib\libaudio_core.a,392,62,0,0,454,454,0
lp_dec2.c.obj,lib\libaudio_core.a,134,0,0,0,134,134,0
lpc.cpp.obj,lib\libaudio_core.a,274,0,0,0,274,274,0
lsfwt.cpp.obj,lib\libaudio_core.a,116,0,0,0,116,116,0
lsp.cpp.obj,lib\libaudio_core.a,374,0,0,0,374,374,0
lsp_avg.cpp.obj,lib\libaudio_core.a,142,0,0,0,142,142,0
lsp_az.cpp.obj,lib\libaudio_core.a,226,0,0,0,226,226,0
lsp_lsf.cpp.obj,lib\libaudio_core.a,144,0,0,0,144,144,0
lsp_lsf_tbl.cpp.obj,lib\libaudio_core.a,0,258,0,0,258,258,0
lsp_tab.cpp.obj,lib\libaudio_core.a,0,20,0,0,20,20,0
math_op.c.obj,lib\libaudio_core.a,220,164,0,0,384,384,0
median5.cpp.obj,lib\libaudio_core.a,108,0,0,0,108,108,0
mem_align.c.obj,lib\libaudio_core.a,144,0,0,0,144,144,0
mime_io.cpp.obj,lib\libaudio_core.a,476,5894,0,0,6370,6370,0
mult_r.cpp.obj,lib\libaudio_core.a,48,0,0,0,48,48,0
noise_gen_amrwb.cpp.obj,lib\libaudio_core.a,22,0,0,0,22,22,0
Norm_Corr_neon.s.obj,lib\libaudio_core.a,664,0,0,0,664,664,0
norm_l.cpp.obj,lib\libaudio_core.a,54,0,0,0,54,54,0
norm_s.cpp.obj,lib\libaudio_core.a,58,0,0,0,58,58,0
normalize_amr_wb.cpp.obj,lib\libaudio_core.a,130,0,0,0,130,130,0
ol_ltp.cpp.obj,lib\libaudio_core.a,134,0,0,0,134,134,0
oper_32b.c.obj,lib\libaudio_core.a,196,0,0,0,196,196,0
oversamp_12k8_to_16k.cpp.obj,lib\libaudio_core.a,402,192,0,0,594,594,0
p_med_ol.c.obj,lib\libaudio_core.a,786,398,0,0,1184,1184,0
p_ol_wgh.cpp.obj,lib\libaudio_core.a,912,0,0,0,912,912,0
ph_disp.cpp.obj,lib\libaudio_core.a,688,0,0,0,688,688,0
ph_disp_tab.cpp.obj,lib\libaudio_core.a,0,320,0,0,320,320,0
phase_dispersion.cpp.obj,lib\libaudio_core.a,408,256,0,0,664,664,0
pit_shrp.c.obj,lib\libaudio_core.a,56,0,0,0,56,56,0
pit_shrp.cpp.obj,lib\libaudio_core.a,90,0,0,0,90,90,0
pitch_f4.c.obj,lib\libaudio_core.a,412,64,0,0,476,476,0
pitch_fr.cpp.obj,lib\libaudio_core.a,1192,162,0,0,1354,1354,0
pitch_ol.cpp.obj,lib\libaudio_core.a,924,0,0,0,924,924,0
post_pro.cpp.obj,lib\libaudio_core.a,200,0,0,0,200,200,0
pow2.cpp.obj,lib\libaudio_core.a,88,0,0,0,88,88,0
pow2_tbl.cpp.obj,lib\libaudio_core.a,0,66,0,0,66,66,0
pre_big.cpp.obj,lib\libaudio_core.a,126,0,0,0,126,126,0
pre_proc.cpp.obj,lib\libaudio_core.a,228,0,0,0,228,228,0
pred_lt.cpp.obj,lib\libaudio_core.a,236,122,0,0,358,358,0
pred_lt4.c.obj,lib\libaudio_core.a,0,256,0,0,256,256,0
pred_lt4.cpp.obj,lib\libaudio_core.a,364,256,0,0,620,620,0
pred_lt4_1_neon.s.obj,lib\libaudio_core.a,196,0,0,0,196,196,0
preemph.c.obj,lib\libaudio_core.a,168,0,0,0,168,168,0
preemph.cpp.obj,lib\libaudio_core.a,148,0,0,0,148,148,0
preemph_amrwb_dec.cpp.obj,lib\libaudio_core.a,86,0,0,0,86,86,0
prm2bits.cpp.obj,lib\libaudio_core.a,78,0,0,0,78,78,0
pstfilt.cpp.obj,lib\libaudio_core.a,506,80,0,0,586,586,0
pvamrwb_math_op.cpp.obj,lib\libaudio_core.a,834,230,0,0,1064,1064,0
pvamrwbdecoder.cpp.obj,lib\libaudio_core.a,3702,92,0,0,3794,3794,0
q_gain2.c.obj,lib\libaudio_core.a,1094,768,0,0,1862,1862,0
q_gain2_tab.cpp.obj,lib\libaudio_core.a,0,768,0,0,768,768,0
q_gain_c.cpp.obj,lib\libaudio_core.a,210,0,0,0,210,210,0
q_gain_p.cpp.obj,lib\libaudio_core.a,208,0,0,0,208,208,0
q_plsf.cpp.obj,lib\libaudio_core.a,84,0,0,0,84,84,0
q_plsf_3.cpp.obj,lib\libaudio_core.a,852,0,0,0,852,852,0
q_plsf_3_tbl.cpp.obj,lib\libaudio_core.a,0,13000,0,0,13000,13000,0
q_plsf_5.cpp.obj,lib\libaudio_core.a,940,0,0,0,940,940,0
q_plsf_5_tbl.cpp.obj,lib\libaudio_core.a,0,7700,0,0,7700,7700,0
q_pulse.c.obj,lib\libaudio_core.a,1592,0,0,0,1592,1592,0
qgain475.cpp.obj,lib\libaudio_core.a,1242,2048,0,0,3290,3290,0
qgain475_tab.cpp.obj,lib\libaudio_core.a,0,2048,0,0,2048,2048,0
qgain795.cpp.obj,lib\libaudio_core.a,2062,0,0,0,2062,2062,0
qisf_ns.c.obj,lib\libaudio_core.a,448,1568,0,0,2016,2016,0
qisf_ns.cpp.obj,lib\libaudio_core.a,200,0,0,0,200,200,0
qisf_ns_tab.cpp.obj,lib\libaudio_core.a,0,1568,0,0,1568,1568,0
qpisf_2s.c.obj,lib\libaudio_core.a,2084,13792,0,0,15876,15876,0
qpisf_2s.cpp.obj,lib\libaudio_core.a,1184,0,0,0,1184,1184,0
qpisf_2s_tab.cpp.obj,lib\libaudio_core.a,0,13792,0,0,13792,13792,0
qua_gain.cpp.obj,lib\libaudio_core.a,776,0,0,0,776,776,0
qua_gain_tbl.cpp.obj,lib\libaudio_core.a,0,1536,0,0,1536,1536,0
random.c.obj,lib\libaudio_core.a,50,0,0,0,50,50,0
reorder.cpp.obj,lib\libaudio_core.a,36,0,0,0,36,36,0
residu.cpp.obj,lib\libaudio_core.a,216,0,0,0,216,216,0
residu_asm_neon.s.obj,lib\libaudio_core.a,264,0,0,0,264,264,0
round.cpp.obj,lib\libaudio_core.a,36,0,0,0,36,36,0
s10_8pf.cpp.obj,lib\libaudio_core.a,1628,0,0,0,1628,1628,0
sbc.c.obj,lib\libaudio_core.a,6436,1568,0,0,8004,8004,0
scale.c.obj,lib\libaudio_core.a,132,0,0,0,132,132,0
scale_sig_neon.s.obj,lib\libaudio_core.a,356,0,0,0,356,356,0
scale_signal.cpp.obj,lib\libaudio_core.a,148,0,0,0,148,148,0
set_sign.cpp.obj,lib\libaudio_core.a,570,0,0,0,570,570,0
shr.cpp.obj,lib\libaudio_core.a,68,0,0,0,68,68,0
shr_r.cpp.obj,lib\libaudio_core.a,38,0,0,0,38,38,0
sid_sync.cpp.obj,lib\libaudio_core.a,142,0,0,0,142,142,0
sp_dec.cpp.obj,lib\libaudio_core.a,332,0,0,0,332,332,0
sp_enc.cpp.obj,lib\libaudio_core.a,246,0,0,0,246,246,0
spreproc.cpp.obj,lib\libaudio_core.a,152,0,0,0,152,152,0
spstproc.cpp.obj,lib\libaudio_core.a,264,0,0,0,264,264,0
sqrt_l.cpp.obj,lib\libaudio_core.a,144,0,0,0,144,144,0
sqrt_l_tbl.cpp.obj,lib\libaudio_core.a,0,100,0,0,100,100,0
stream.c.obj,lib\libaudio_core.a,84,0,0,0,84,84,0
sub.cpp.obj,lib\libaudio_core.a,40,0,0,0,40,40,0
syn_filt.c.obj,lib\libaudio_core.a,428,0,0,0,428,428,0
syn_filt.cpp.obj,lib\libaudio_core.a,512,0,0,0,512,512,0
Syn_filt_32_neon.s.obj,lib\libaudio_core.a,244,0,0,0,244,244,0
syn_filt_neon.s.obj,lib\libaudio_core.a,188,0,0,0,188,188,0
synthesis_amr_wb.cpp.obj,lib\libaudio_core.a,1192,32,0,0,1224,1224,0
ton_stab.cpp.obj,lib\libaudio_core.a,278,0,0,0,278,278,0
updt_tar.c.obj,lib\libaudio_core.a,68,0,0,0,68,68,0
util.c.obj,lib\libaudio_core.a,74,0,0,0,74,74,0
vad1.cpp.obj,lib\libaudio_core.a,3242,0,0,0,3242,3242,0
voAMRWBEnc.c.obj,lib\libaudio_core.a,7252,124,0,0,7376,7376,0
voice_factor.cpp.obj,lib\libaudio_core.a,350,0,0,0,350,350,0
voicefac.c.obj,lib\libaudio_core.a,316,0,0,0,316,316,0
wb_syn_filt.cpp.obj,lib\libaudio_core.a,984,0,0,0,984,984,0
wb_vad.c.obj,lib\libaudio_core.a,2452,0,0,0,2452,2452,0
weight_a.c.obj,lib\libaudio_core.a,80,0,0,0,80,80,0
weight_a.cpp.obj,lib\libaudio_core.a,42,0,0,0,42,42,0
weight_amrwb_lpc.cpp.obj,lib\libaudio_core.a,58,0,0,0,58,58,0
window_tab.cpp.obj,lib\libaudio_core.a,0,1440,0,0,1440,1440,0
wmf_to_ets.cpp.obj,lib\libaudio_core.a,108,0,0,0,108,108,0
wrapper.c.obj,lib\libaudio_core.a,208,0,0,0,208,208,0
wrapper.cpp.obj,lib\libaudio_core.a,480,8,0,0,488,488,0
async_worker.c.obj,lib\libaworker.a,208,202,0,16,410,410,16
block_device.c.obj,lib\libbdev.a,52,0,0,0,52,52,0
partition_block_device.c.obj,lib\libbdev.a,184,0,0,0,184,184,0
tflash_block_device.c.obj,lib\libbdev.a,478,34,0,0,512,512,0
flash_block_device_v2.c.obj,lib\libbdev_core.a,2878,20,0,0,2898,2898,0
a2dp.c.obj,lib\libblueu_core.a,4710,859,0,99,5569,5569,99
a2dp_if.c.obj,lib\libblueu_core.a,342,77,0,4,419,419,4
algo_utils.c.obj,lib\libblueu_core.a,30,0,0,0,30,30,0
allocator.c.obj,lib\libblueu_core.a,48,0,4,0,48,52,4
ap_mgr.c.obj,lib\libblueu_core.a,196,0,0,8,196,196,8
at_common.c.obj,lib\libblueu_core.a,72,0,0,20,72,72,20
att.c.obj,lib\libblueu_core.a,4944,1857,0,0,6801,6801,0
att_client.c.obj,lib\libblueu_core.a,5028,1343,0,16,6371,6371,16
att_server.c.obj,lib\libblueu_core.a,6404,2111,0,24,8515,8515,24
avdtp_callbacks.c.obj,lib\libblueu_core.a,1092,0,0,4,1092,1092,4
avdtp_core.c.obj,lib\libblueu_core.a,2720,330,16,36,3050,3066,52
avdtp_handle_req.c.obj,lib\libblueu_core.a,2032,341,0,12,2373,2373,12
avdtp_handle_res.c.obj,lib\libblueu_core.a,1120,0,0,0,1120,1120,0
avdtp_send_req.c.obj,lib\libblueu_core.a,1926,43,0,1,1969,1969,1
avdtp_send_res.c.obj,lib\libblueu_core.a,292,0,0,0,292,292,0
avrcp.c.obj,lib\libblueu_core.a,3030,445,0,12,3475,3475,12
avrcp_ccb.c.obj,lib\libblueu_core.a,412,0,0,8,412,412,8
avrcp_core.c.obj,lib\libblueu_core.a,4098,444,38,29,4542,4580,67
avrcp_if.c.obj,lib\libblueu_core.a,776,305,0,4,1081,1081,4
avrcp_l2c.c.obj,lib\libblueu_core.a,1100,88,0,0,1188,1188,0
avrcp_main.c.obj,lib\libblueu_core.a,232,0,0,0,232,232,0
bbat_bt.c.obj,lib\libblueu_core.a,716,198,0,117,914,914,117
ble_common_cmd.c.obj,lib\libblueu_core.a,4616,1388,208,165,6004,6212,373
ble_npi_cmd.c.obj,lib\libblueu_core.a,5896,1823,311,61,7719,8030,372
bluetooth.c.obj,lib\libblueu_core.a,1460,191,0,36,1651,1651,36
bt_common_cmd.c.obj,lib\libblueu_core.a,3488,1258,176,4,4746,4922,180
bt_manager.c.obj,lib\libblueu_core.a,2182,239,0,20,2421,2421,20
bt_npi_cmd.c.obj,lib\libblueu_core.a,5056,2570,311,61,7626,7937,372
bt_vendor.c.obj,lib\libblueu_core.a,724,442,0,8,1166,1166,8
bt_version.c.obj,lib\libblueu_core.a,0,49,12,0,49,61,12
btu_main.c.obj,lib\libblueu_core.a,3166,186,4,41,3352,3356,45
btu_modules.c.obj,lib\libblueu_core.a,860,193,0,292,1053,1053,292
btu_storage.c.obj,lib\libblueu_core.a,156,0,0,296,156,156,296
btu_vendor.c.obj,lib\libblueu_core.a,488,105,0,4,593,593,4
crypto_if.c.obj,lib\libblueu_core.a,298,32,0,32,330,330,32
fixed_queue.c.obj,lib\libblueu_core.a,356,0,0,0,356,356,0
gatt.c.obj,lib\libblueu_core.a,2700,1366,52,24,4066,4118,76
gatt_act.c.obj,lib\libblueu_core.a,200,0,0,10,200,200,10
gatt_if.c.obj,lib\libblueu_core.a,10372,5578,31,386,15950,15981,417
hci.c.obj,lib\libblueu_core.a,2364,81,0,0,2445,2445,0
hci_bufalloc.c.obj,lib\libblueu_core.a,102,0,0,0,102,102,0
hci_encoder.c.obj,lib\libblueu_core.a,656,868,0,0,1524,1524,0
hci_transport.c.obj,lib\libblueu_core.a,3378,578,0,176,3956,3956,176
hfp.c.obj,lib\libblueu_core.a,1682,97,0,22,1779,1779,22
hfp_at.c.obj,lib\libblueu_core.a,780,212,0,0,992,992,0
hfp_core.c.obj,lib\libblueu_core.a,4166,454,32,37,4620,4652,69
hfp_hs.c.obj,lib\libblueu_core.a,4872,637,226,45,5509,5735,271
hfp_if.c.obj,lib\libblueu_core.a,1384,96,0,88,1480,1480,88
host_buf.c.obj,lib\libblueu_core.a,46,0,0,0,46,46,0
host_ll.c.obj,lib\libblueu_core.a,252,0,0,0,252,252,0
host_msg.c.obj,lib\libblueu_core.a,256,75,0,32,331,331,32
host_timer.c.obj,lib\libblueu_core.a,860,66,0,17,926,926,17
l2_acl_link.c.obj,lib\libblueu_core.a,544,0,0,17,544,544,17
l2_bufalloc.c.obj,lib\libblueu_core.a,76,0,0,0,76,76,0
l2_channel.c.obj,lib\libblueu_core.a,1446,113,0,22,1559,1559,22
l2_config_helper.c.obj,lib\libblueu_core.a,1224,0,0,8,1224,1224,8
l2_config_sm.c.obj,lib\libblueu_core.a,682,0,0,0,682,682,0
l2_connect_sm.c.obj,lib\libblueu_core.a,3896,143,0,2,4039,4039,2
l2_enc_dec.c.obj,lib\libblueu_core.a,2546,0,1,10,2546,2547,11
l2_pkt_handler.c.obj,lib\libblueu_core.a,176,0,0,0,176,176,0
l2_psm.c.obj,lib\libblueu_core.a,138,0,0,0,138,138,0
l2_sar.c.obj,lib\libblueu_core.a,1308,380,0,0,1688,1688,0
l2_utils.c.obj,lib\libblueu_core.a,486,0,0,7,486,486,7
l2cap_primitives.c.obj,lib\libblueu_core.a,64,0,0,0,64,64,0
list.c.obj,lib\libblueu_core.a,262,0,0,0,262,262,0
log.c.obj,lib\libblueu_core.a,2,0,0,200,2,2,200
mgr_core.c.obj,lib\libblueu_core.a,2600,280,0,172,2880,2880,172
mgr_devdb.c.obj,lib\libblueu_core.a,632,0,0,12,632,632,12
mgr_inqdb.c.obj,lib\libblueu_core.a,1380,0,0,23,1380,1380,23
mgr_le_link.c.obj,lib\libblueu_core.a,5692,2626,0,16,8318,8318,16
mgr_le_scandb.c.obj,lib\libblueu_core.a,236,180,0,10,416,416,10
mgr_link.c.obj,lib\libblueu_core.a,5414,281,1,31,5695,5696,32
mgr_secdb.c.obj,lib\libblueu_core.a,3698,274,3,24,3972,3975,27
mgr_utils.c.obj,lib\libblueu_core.a,46,168,0,0,214,214,0
mutex.c.obj,lib\libblueu_core.a,74,0,0,0,74,74,0
npi_if.c.obj,lib\libblueu_core.a,3112,1348,4,70,4460,4464,74
osi.c.obj,lib\libblueu_core.a,10,0,0,0,10,10,0
p_256_curvepara.c.obj,lib\libblueu_core.a,488,0,0,0,488,488,0
p_256_ecc_pp.c.obj,lib\libblueu_core.a,986,0,0,456,986,986,456
p_256_multprecision.c.obj,lib\libblueu_core.a,2502,0,0,0,2502,2502,0
pts_if.c.obj,lib\libblueu_core.a,882,52,543,12,934,1477,555
rfcomm_bufalloc.c.obj,lib\libblueu_core.a,76,0,0,0,76,76,0
rfcomm_core.c.obj,lib\libblueu_core.a,1036,0,4,32,1036,1040,36
rfcomm_credit.c.obj,lib\libblueu_core.a,98,0,0,0,98,98,0
rfcomm_ctrl_chan.c.obj,lib\libblueu_core.a,1754,0,0,0,1754,1754,0
rfcomm_ctrl_frames.c.obj,lib\libblueu_core.a,494,0,0,0,494,494,0
rfcomm_dlc_state.c.obj,lib\libblueu_core.a,2382,0,24,0,2382,2406,24
rfcomm_entity_core.c.obj,lib\libblueu_core.a,852,0,0,12,852,852,12
rfcomm_frames.c.obj,lib\libblueu_core.a,586,256,0,0,842,842,0
rfcomm_l2auto_state.c.obj,lib\libblueu_core.a,910,0,16,2,910,926,18
rfcomm_l2cap.c.obj,lib\libblueu_core.a,570,0,0,0,570,570,0
rfcomm_ue_api.c.obj,lib\libblueu_core.a,1644,0,0,0,1644,1644,0
sdp_callbacks.c.obj,lib\libblueu_core.a,462,0,0,7,462,462,7
sdp_db.c.obj,lib\libblueu_core.a,672,176,36,1,848,884,37
sdp_if.c.obj,lib\libblueu_core.a,664,145,0,4,809,809,4
sdp_le_common.c.obj,lib\libblueu_core.a,166,0,0,0,166,166,0
sdp_le_request_decoder.c.obj,lib\libblueu_core.a,2380,93,0,0,2473,2473,0
sdp_le_request_encoder.c.obj,lib\libblueu_core.a,482,0,0,0,482,482,0
sdp_le_response_decoder.c.obj,lib\libblueu_core.a,476,0,0,0,476,476,0
sdp_le_response_encoder.c.obj,lib\libblueu_core.a,990,0,0,48,990,990,48
sdp_server.c.obj,lib\libblueu_core.a,184,0,0,5,184,184,5
sdp_state_machine.c.obj,lib\libblueu_core.a,984,66,0,7,1050,1050,7
sdp_ue.c.obj,lib\libblueu_core.a,1932,0,0,4,1932,1932,4
semaphore.c.obj,lib\libblueu_core.a,118,0,0,0,118,118,0
smp_core.c.obj,lib\libblueu_core.a,14438,4870,0,24,19308,19308,24
smp_le_encryption.c.obj,lib\libblueu_core.a,1912,0,32,266,1912,1944,298
smp_rand_gen.c.obj,lib\libblueu_core.a,108,0,0,4,108,108,4
spp.c.obj,lib\libblueu_core.a,3124,472,4,25,3596,3600,29
spp_core.c.obj,lib\libblueu_core.a,976,421,0,0,1397,1397,0
spp_if.c.obj,lib\libblueu_core.a,214,24,0,4,238,238,4
stack_ent.c.obj,lib\libblueu_core.a,2086,0,0,4,2086,2086,4
stack_ent_api.c.obj,lib\libblueu_core.a,878,0,0,0,878,878,0
thread.c.obj,lib\libblueu_core.a,204,0,0,88,204,204,88
timer.c.obj,lib\libblueu_core.a,362,0,0,8,362,362,8
uws_commands.c.obj,lib\libblueu_core.a,44,0,0,11,44,44,11
uws_core.c.obj,lib\libblueu_core.a,26,0,0,46,26,26,46
uws_if.c.obj,lib\libblueu_core.a,170,30,0,4,200,200,4
app_bt_a2dp.c.obj,lib\libbt_app.a,846,370,16,28,1216,1232,44
app_bt_avrcp.c.obj,lib\libbt_app.a,1140,280,16,7,1420,1436,23
app_bt_hfp.c.obj,lib\libbt_app.a,1206,911,60,13,2117,2177,73
bt_abs.c.obj,lib\libbt_app.a,1932,50,0,32,1982,1982,32
bt_app.c.obj,lib\libbt_app.a,2426,1268,32,2866,3694,3726,2898
bt_app_main.c.obj,lib\libbt_app.a,784,682,100,0,1466,1566,100
bt_chip.c.obj,lib\libbt_app.a,2930,421,4,16,3351,3355,20
bt_driver.c.obj,lib\libbt_app.a,210,89,0,4,299,299,4
bt_gatt_client_demo.c.obj,lib\libbt_app.a,2410,1804,76,184,4214,4290,260
bt_gatt_server_demo.c.obj,lib\libbt_app.a,742,631,828,32,1373,2201,860
bt_hci_dev.c.obj,lib\libbt_app.a,280,80,0,12,360,360,12
bt_hci_tra.c.obj,lib\libbt_app.a,156,22,0,706,178,178,706
ddb.c.obj,lib\libbt_app.a,1274,438,0,3890,1712,1712,3890
fw.bin.S.obj,lib\libbt_app.a,230512,0,0,0,230512,230512,0
uart.c.obj,lib\libbt_app.a,1042,419,0,2089,1461,1461,2089
bt_nv.c.obj,lib\libbt_nv.a,64,0,0,0,64,64,0
cmux_fcs.c.obj,lib\libcalclib.a,72,256,0,0,328,328,0
crc32.c.obj,lib\libcalclib.a,296,1280,0,0,1576,1576,0
decompress_unlzma.c.obj,lib\libcalclib.a,2224,79,0,0,2303,2303,0
decompress_unlzma_file.c.obj,lib\libcalclib.a,116,0,0,0,116,116,0
cfw_chset.c.obj,lib\libcfw.a,702,0,0,0,702,702,0
cfw_dispatch.c.obj,lib\libcfw.a,760,0,0,4,760,760,4
cfw_event_names.c.obj,lib\libcfw.a,20,8882,0,0,8902,8902,0
cfw_rpc_ap.c.obj,lib\libcfw_core.a,23794,0,0,4,23794,23794,4
cfw_sms_db.c.obj,lib\libcfw_core.a,1496,345,4,0,1841,1845,4
sms_dm_local.c.obj,lib\libcfw_core.a,30,0,0,0,30,30,0
sms_dm_nv.c.obj,lib\libcfw_core.a,1140,14,0,37214,1154,1154,37214
autotest_device.c.obj,lib\libdiag.a,4556,2494,0,1179,7050,7050,1179
diag.c.obj,lib\libdiag.a,802,15,0,4,817,817,4
diag_at.c.obj,lib\libdiag.a,232,58,0,0,290,290,0
diag_charge.c.obj,lib\libdiag.a,148,0,0,0,148,148,0
diag_current_test.c.obj,lib\libdiag.a,120,21,0,4,141,141,4
diag_log.c.obj,lib\libdiag.a,44,0,0,0,44,44,0
diag_nvm.c.obj,lib\libdiag.a,838,71,0,516,909,909,516
diag_ps.c.obj,lib\libdiag.a,176,32,0,0,208,208,0
diag_runmode.c.obj,lib\libdiag.a,420,52,0,0,472,472,0
diag_swver.c.obj,lib\libdiag.a,160,182,0,0,342,342,0
diag_sys.c.obj,lib\libdiag.a,432,78,0,0,510,510,0
layer1_diag.c.obj,lib\libdiag.a,396,50,0,0,446,446,0
camera_bf30a2.c.obj,lib\libdriver.a,1710,215,120,1,1925,2045,121
camera_gc0310.c.obj,lib\libdriver.a,2594,1266,120,4,3860,3980,124
camera_gc032a.c.obj,lib\libdriver.a,1682,633,120,1,2315,2435,121
drv_adc.c.obj,lib\libdriver.a,1782,210,30,4,1992,2022,34
drv_aes.c.obj,lib\libdriver.a,944,779,0,0,1723,1723,0
drv_axidma.c.obj,lib\libdriver.a,878,16,0,156,894,894,156
drv_camera.c.obj,lib\libdriver.a,1210,0,0,8,1210,1210,8
drv_charger.c.obj,lib\libdriver.a,3738,1540,42,262,5278,5320,304
drv_debug_dma_uart.c.obj,lib\libdriver.a,1290,64,0,0,1354,1354,0
drv_debug_port.c.obj,lib\libdriver.a,94,10,0,4,104,104,4
drv_debug_userial.c.obj,lib\libdriver.a,2634,120,448,0,2754,3202,448
drv_debughost.c.obj,lib\libdriver.a,1088,32,0,600,1120,1120,600
drv_dma_uart.c.obj,lib\libdriver.a,4068,532,0,0,4600,4600,0
drv_efuse.c.obj,lib\libdriver.a,530,87,0,1596,617,617,1596
drv_efuse_pmic.c.obj,lib\libdriver.a,276,60,0,0,336,336,0
drv_gpio_8910.c.obj,lib\libdriver.a,796,37,0,156,833,833,156
drv_host_cmd.c.obj,lib\libdriver.a,512,0,0,0,512,512,0
drv_host_cmd_rw.c.obj,lib\libdriver.a,700,0,0,0,700,700,0
drv_host_cmd_sys.c.obj,lib\libdriver.a,1450,0,0,0,1450,1450,0
drv_i2c.c.obj,lib\libdriver.a,1196,615,0,84,1811,1811,84
drv_ifc.c.obj,lib\libdriver.a,376,182,0,4,558,558,4
drv_ipc_at.c.obj,lib\libdriver.a,388,230,28,0,618,646,28
drv_keypad.c.obj,lib\libdriver.a,694,24,0,12,718,718,12
drv_lcd.c.obj,lib\libdriver.a,1444,429,0,192,1873,1873,192
drv_lcd_cfg.c.obj,lib\libdriver.a,160,185,1,0,345,346,1
drv_lcd_gc9305.c.obj,lib\libdriver.a,1800,503,0,3,2303,2303,3
drv_lcd_st7735s.c.obj,lib\libdriver.a,1452,436,0,0,1888,1888,0
drv_lcd_st7789v.c.obj,lib\libdriver.a,1364,427,0,0,1791,1791,0
drv_md_nvm.c.obj,lib\libdriver.a,780,458,0,20,1238,1238,20
drv_modem_log_buf.c.obj,lib\libdriver.a,246,27,0,0,273,273,0
drv_pmic_intr.c.obj,lib\libdriver.a,700,58,0,292,758,758,292
drv_powerkey_8910.c.obj,lib\libdriver.a,138,0,0,4,138,138,4
drv_pwm.c.obj,lib\libdriver.a,568,16,88,4,584,672,92
drv_rng.c.obj,lib\libdriver.a,376,76,8,0,452,460,8
drv_rtc.c.obj,lib\libdriver.a,2878,114,0,72,2992,2992,72
drv_rtc.pb.c.obj,lib\libdriver.a,0,120,0,0,120,120,0
drv_rtc_2720.c.obj,lib\libdriver.a,660,104,0,0,764,764,0
drv_sdmmc.c.obj,lib\libdriver.a,3278,533,0,0,3811,3811,0
drv_secure.c.obj,lib\libdriver.a,914,16,0,8,930,930,8
drv_serial.c.obj,lib\libdriver.a,658,172,4,320,830,834,324
drv_spi.c.obj,lib\libdriver.a,1258,40,0,192,1298,1298,192
drv_usb.cpp.obj,lib\libdriver.a,1718,117,0,4,1835,1835,4
drv_wcn.c.obj,lib\libdriver.a,968,23,0,4,991,991,4
drv_wcn_wifi.c.obj,lib\libdriver.a,926,5,0,0,931,931,0
drv_wdt.c.obj,lib\libdriver.a,346,0,0,16,346,346,16
ecm_data.c.obj,lib\libdriver.a,602,127,0,0,729,729,0
f_acm.c.obj,lib\libdriver.a,1508,365,8,0,1873,1881,8
f_ecm.c.obj,lib\libdriver.a,1532,377,119,0,1909,2028,119
f_rndis.c.obj,lib\libdriver.a,1872,644,98,0,2516,2614,98
f_serial.c.obj,lib\libdriver.a,680,109,8,0,789,797,8
image_sensor.c.obj,lib\libdriver.a,800,2,13,84,802,815,97
rndis.c.obj,lib\libdriver.a,1644,409,0,0,2053,2053,0
rndis_data.c.obj,lib\libdriver.a,838,217,0,0,1055,1055,0
udc.c.obj,lib\libdriver.a,322,46,0,512,368,368,512
udc_dwc.c.obj,lib\libdriver.a,6714,957,0,1256,7671,7671,1256
udc_platform_8910.c.obj,lib\libdriver.a,750,0,0,0,750,750,0
usb_composite_device.c.obj,lib\libdriver.a,2256,548,24,0,2804,2828,24
usb_ether.c.obj,lib\libdriver.a,2790,431,0,0,3221,3221,0
usb_serial.c.obj,lib\libdriver.a,3260,375,0,0,3635,3635,0
drv_ipc_fifo.c.obj,lib\libdriver_core.a,364,0,0,0,364,364,0
drv_md_ipc.c.obj,lib\libdriver_core.a,4456,47,0,12,4503,4503,12
drv_ps_path_md.c.obj,lib\libdriver_core.a,1502,6,0,4528,1508,1508,4528
drv_wcn_ipc.c.obj,lib\libdriver_core.a,604,21,0,12,625,625,12
fatfs_portable.c.obj,lib\libfatfs.a,588,686,0,16,1274,1274,16
fatfs_vfs.c.obj,lib\libfatfs.a,3342,282,116,0,3624,3740,116
ff.c.obj,lib\libfatfs_core.a,10684,370,0,18,11054,11054,18
sffs_vfs.c.obj,lib\libfs.a,1026,371,0,0,1397,1397,0
vfs.c.obj,lib\libfs.a,3536,12,192,136,3548,3740,328
fs_mount.c.obj,lib\libfsmount.a,984,9,1,4,993,994,5
fs_mount_sdcard.c.obj,lib\libfsmount.a,108,63,0,4,171,171,4
partinfo.bin.S.obj,lib\libfsmount.a,352,0,0,0,352,352,0
ftp_connection.c.obj,lib\libftp.a,4056,1311,0,12,5367,5367,12
ftp_protocol.c.obj,lib\libftp.a,6068,2749,40,12,8817,8857,52
ftp_utils.c.obj,lib\libftp.a,108,36,0,0,144,144,0
fupdate_app.c.obj,lib\libfupdate_core.a,770,0,0,0,770,770,0
fupdate_common.c.obj,lib\libfupdate_core.a,1062,48,12,0,1110,1122,12
hal_adi_bus.c.obj,lib\libhal.a,418,20,0,0,438,438,0
hal_aes.c.obj,lib\libhal.a,112,0,0,0,112,112,0
hal_blue_screen.c.obj,lib\libhal.a,1430,73,12,96,1503,1515,108
hal_clock_init.c.obj,lib\libhal.a,1816,8,0,0,1824,1824,0
hal_cp_ctrl.c.obj,lib\libhal.a,636,206,0,0,842,842,0
hal_efuse_8910.c.obj,lib\libhal.a,468,0,0,0,468,468,0
hal_gouda.c.obj,lib\libhal.a,2008,60,4,27,2068,2072,31
hal_hw_map.c.obj,lib\libhal.a,52,1552,0,0,1604,1604,0
hal_hwspinlock.c.obj,lib\libhal.a,116,0,0,0,116,116,0
hal_iomux.c.obj,lib\libhal.a,866,2327,0,376,3193,3193,376
hal_lzma.c.obj,lib\libhal.a,496,0,0,0,496,496,0
hal_mmu.c.obj,lib\libhal.a,652,32,0,0,684,684,0
hal_pmu_8910.c.obj,lib\libhal.a,3450,446,0,0,3896,3896,0
hal_shmem_region.c.obj,lib\libhal.a,1012,294,0,8,1306,1306,8
hal_wdt_8910.c.obj,lib\libhal.a,88,0,0,0,88,88,0
list.c.obj,lib\libkernel.a,136,0,0,0,136,136,0
osi_boot_8910.c.obj,lib\libkernel.a,2684,34,0,9024,2718,2718,9024
osi_clock.c.obj,lib\libkernel.a,584,0,0,20,584,584,20
osi_cxxabi.cpp.obj,lib\libkernel.a,44,0,0,0,44,44,0
osi_freertos.c.obj,lib\libkernel.a,2236,115,0,12820,2351,2351,12820
osi_idle.c.obj,lib\libkernel.a,6,0,0,0,6,6,0
osi_sleep.c.obj,lib\libkernel.a,2212,349,0,48,2561,2561,48
osi_sysnv.c.obj,lib\libkernel.a,656,16,14,16,672,686,30
osi_sysnv.pb.c.obj,lib\libkernel.a,0,130,0,0,130,130,0
osi_time.c.obj,lib\libkernel.a,948,12,0,24,960,960,24
queue.c.obj,lib\libkernel.a,1740,0,0,0,1740,1740,0
tasks.c.obj,lib\libkernel.a,3842,5,0,1276,3847,3847,1276
timers.c.obj,lib\libkernel.a,850,8,0,220,858,858,220
auth.c.obj,lib\liblwip.a,932,329,0,0,1261,1261,0
chap-md5.c.obj,lib\liblwip.a,276,53,0,0,329,329,0
chap-new.c.obj,lib\liblwip.a,2164,542,0,0,2706,2706,0
def.c.obj,lib\liblwip.a,62,0,0,0,62,62,0
dhcp.c.obj,lib\liblwip.a,4772,1078,0,11,5850,5850,11
dns.c.obj,lib\liblwip.a,5690,538,0,1587,6228,6228,1587
err.c.obj,lib\liblwip.a,28,68,0,0,96,96,0
etharp.c.obj,lib\liblwip.a,2032,329,0,242,2361,2361,242
ethernet.c.obj,lib\liblwip.a,744,108,0,0,852,852,0
icmp.c.obj,lib\liblwip.a,788,194,0,0,982,982,0
icmp6.c.obj,lib\liblwip.a,730,170,0,0,900,900,0
if_api.c.obj,lib\liblwip.a,4,0,0,0,4,4,0
inet_chksum.c.obj,lib\liblwip.a,432,0,0,0,432,432,0
init.c.obj,lib\liblwip.a,42,0,0,0,42,42,0
ip.c.obj,lib\liblwip.a,72,24,0,68,96,96,68
ip4.c.obj,lib\liblwip.a,1492,144,0,6,1636,1636,6
ip4_addr.c.obj,lib\liblwip.a,562,99,0,16,661,661,16
ip4_frag.c.obj,lib\liblwip.a,2304,448,0,7,2752,2752,7
ip4_nat.c.obj,lib\liblwip.a,2346,164,0,51720,2510,2510,51720
ip6.c.obj,lib\liblwip.a,3364,92,0,0,3456,3456,0
ip6_addr.c.obj,lib\liblwip.a,594,24,0,40,618,618,40
ip6_frag.c.obj,lib\liblwip.a,2608,250,0,11,2858,2858,11
ipcp.c.obj,lib\liblwip.a,4748,552,0,0,5300,5300,0
ipv6cp.c.obj,lib\liblwip.a,2422,346,0,26,2768,2768,26
lcp.c.obj,lib\liblwip.a,7524,915,0,0,8439,8439,0
magic.c.obj,lib\liblwip.a,224,0,0,24,224,224,24
mem.c.obj,lib\liblwip.a,140,114,0,0,254,254,0
memp.c.obj,lib\liblwip.a,388,561,0,0,949,949,0
mld6.c.obj,lib\liblwip.a,1368,0,0,1,1368,1368,1
nd6.c.obj,lib\liblwip.a,6816,91,8,1155,6907,6915,1163
netdb.c.obj,lib\liblwip.a,756,0,0,317,756,756,317
netif.c.obj,lib\liblwip.a,2542,316,0,285,2858,2858,285
pbuf.c.obj,lib\liblwip.a,2612,890,0,1,3502,3502,1
ppp-fsm.c.obj,lib\liblwip.a,3136,358,0,4,3494,3494,4
ppp-utils.c.obj,lib\liblwip.a,1960,222,0,0,2182,2182,0
ppp.c.obj,lib\liblwip.a,1802,4551,0,0,6353,6353,0
pppapi.c.obj,lib\liblwip.a,0,19,0,0,19,19,0
pppos.c.obj,lib\liblwip.a,1832,562,0,0,2394,2394,0
raw.c.obj,lib\liblwip.a,1978,234,0,4,2212,2212,4
sockets.c.obj,lib\liblwip.a,21350,3310,12,304,24660,24672,316
tcp.c.obj,lib\liblwip.a,8682,1564,6,27,10246,10252,33
tcp_in.c.obj,lib\liblwip.a,8420,903,0,58,9323,9323,58
tcp_out.c.obj,lib\liblwip.a,6104,1192,0,0,7296,7296,0
tcpip.c.obj,lib\liblwip.a,388,105,0,8,493,493,8
timeouts.c.obj,lib\liblwip.a,192,209,0,4,401,401,4
udp.c.obj,lib\liblwip.a,3492,192,2,4,3684,3686,6
upap.c.obj,lib\liblwip.a,1940,543,0,0,2483,2483,0
mal_cfw.c.obj,lib\libmal.a,540,0,0,0,540,540,0
mal_engine.c.obj,lib\libmal.a,312,47,0,4,359,359,4
arc4.c.obj,lib\libmbedtls.a,158,0,0,0,158,158,0
asn1parse.c.obj,lib\libmbedtls.a,810,0,0,0,810,810,0
asn1write.c.obj,lib\libmbedtls.a,606,0,0,0,606,606,0
base64.c.obj,lib\libmbedtls.a,296,128,0,0,424,424,0
bignum.c.obj,lib\libmbedtls.a,8098,672,0,0,8770,8770,0
blowfish.c.obj,lib\libmbedtls.a,880,4168,0,0,5048,5048,0
camellia.c.obj,lib\libmbedtls.a,2116,1304,0,0,3420,3420,0
ccm.c.obj,lib\libmbedtls.a,1036,0,0,0,1036,1036,0
chacha20.c.obj,lib\libmbedtls.a,1166,0,0,0,1166,1166,0
chachapoly.c.obj,lib\libmbedtls.a,878,0,0,0,878,878,0
cipher.c.obj,lib\libmbedtls.a,2152,0,0,0,2152,2152,0
cipher_wrap.c.obj,lib\libmbedtls.a,770,3348,0,0,4118,4118,0
ctr_drbg.c.obj,lib\libmbedtls.a,996,0,0,0,996,996,0
des.c.obj,lib\libmbedtls.a,3240,2176,0,0,5416,5416,0
dhm.c.obj,lib\libmbedtls.a,998,0,0,0,998,998,0
ecdh.c.obj,lib\libmbedtls.a,576,0,0,0,576,576,0
ecdsa.c.obj,lib\libmbedtls.a,1404,0,0,0,1404,1404,0
ecp.c.obj,lib\libmbedtls.a,8698,566,0,28,9264,9264,28
ecp_curves.c.obj,lib\libmbedtls.a,5830,2334,28,0,8164,8192,28
entropy.c.obj,lib\libmbedtls.a,632,0,0,0,632,632,0
entropy_poll.c.obj,lib\libmbedtls.a,70,0,0,0,70,70,0
error.c.obj,lib\libmbedtls.a,5444,11708,0,0,17152,17152,0
gcm.c.obj,lib\libmbedtls.a,1796,128,0,0,1924,1924,0
havege.c.obj,lib\libmbedtls.a,4234,0,0,0,4234,4234,0
hmac_drbg.c.obj,lib\libmbedtls.a,642,0,0,0,642,642,0
mbed_aes.c.obj,lib\libmbedtls.a,3886,0,0,8748,3886,3886,8748
mbed_debug.c.obj,lib\libmbedtls.a,1494,165,0,4,1659,1659,4
mbed_sha256.c.obj,lib\libmbedtls.a,2424,256,0,0,2680,2680,0
md.c.obj,lib\libmbedtls.a,648,28,0,0,676,676,0
md5.c.obj,lib\libmbedtls.a,2538,0,0,0,2538,2538,0
md_wrap.c.obj,lib\libmbedtls.a,340,346,0,0,686,686,0
net_sockets.c.obj,lib\libmbedtls.a,1412,0,0,0,1412,1412,0
oid.c.obj,lib\libmbedtls.a,694,3963,0,0,4657,4657,0
pem.c.obj,lib\libmbedtls.a,1374,150,0,0,1524,1524,0
pk.c.obj,lib\libmbedtls.a,636,27,0,0,663,663,0
pk_wrap.c.obj,lib\libmbedtls.a,684,236,0,0,920,920,0
pkcs12.c.obj,lib\libmbedtls.a,1032,0,0,0,1032,1032,0
pkcs5.c.obj,lib\libmbedtls.a,732,10,0,0,742,742,0
pkparse.c.obj,lib\libmbedtls.a,3450,291,0,0,3741,3741,0
pkwrite.c.obj,lib\libmbedtls.a,516,0,0,0,516,516,0
platform.c.obj,lib\libmbedtls.a,78,0,12,0,78,90,12
platform_util.c.obj,lib\libmbedtls.a,16,0,4,0,16,20,4
poly1305.c.obj,lib\libmbedtls.a,1568,0,0,0,1568,1568,0
ripemd160.c.obj,lib\libmbedtls.a,5076,64,0,0,5140,5140,0
rsa.c.obj,lib\libmbedtls.a,5596,0,0,0,5596,5596,0
rsa_internal.c.obj,lib\libmbedtls.a,1500,54,0,0,1554,1554,0
sha1.c.obj,lib\libmbedtls.a,4448,0,0,0,4448,4448,0
sha512.c.obj,lib\libmbedtls.a,4696,640,0,0,5336,5336,0
ssl_ciphersuites.c.obj,lib\libmbedtls.a,214,10874,0,596,11088,11088,596
ssl_cli.c.obj,lib\libmbedtls.a,11370,4723,0,0,16093,16093,0
ssl_tls.c.obj,lib\libmbedtls.a,24284,8276,51,0,32560,32611,51
timing.c.obj,lib\libmbedtls.a,184,0,0,20,184,184,20
version.c.obj,lib\libmbedtls.a,8,0,0,0,8,8,0
x509.c.obj,lib\libmbedtls.a,2232,64,0,0,2296,2296,0
x509_crl.c.obj,lib\libmbedtls.a,1368,48,0,0,1416,1416,0
x509_crt.c.obj,lib\libmbedtls.a,5808,1988,0,0,7796,7796,0
ml.c.obj,lib\libml.a,432,0,0,4,432,432,4
ml_cp936.c.obj,lib\libml.a,204,15920,24,0,16124,16148,24
ml_gsm.c.obj,lib\libml.a,184,300,24,0,484,508,24
ml_iso8859_1.c.obj,lib\libml.a,48,0,24,0,48,72,24
ml_utf16.c.obj,lib\libml.a,300,0,48,0,300,348,48
ml_utf8.c.obj,lib\libml.a,368,0,24,0,368,392,24
pb_common.c.obj,lib\libnanopb.a,202,0,0,0,202,202,0
pb_decode.c.obj,lib\libnanopb.a,2938,370,0,0,3308,3308,0
pb_encode.c.obj,lib\libnanopb.a,1824,178,0,0,2002,2002,0
pb_util.c.obj,lib\libnanopb.a,204,0,0,0,204,204,0
cfw_sockets_api.c.obj,lib\libnet.a,2084,148,0,384,2232,2232,384
dhcp_reply.c.obj,lib\libnet.a,2100,1483,0,2,3583,3583,2
lwipports.c.obj,lib\libnet.a,908,0,0,24,908,908,24
nd6_reply.c.obj,lib\libnet.a,2874,389,0,0,3263,3263,0
netdev_interface.c.obj,lib\libnet.a,1604,259,40,12,1863,1903,52
netdev_interface_nat_lan.c.obj,lib\libnet.a,1704,509,0,36,2213,2213,36
netif_gprs.c.obj,lib\libnet.a,1232,0,0,3864,1232,1232,3864
netif_nat_lan_lwip.c.obj,lib\libnet.a,1260,484,0,3864,1744,1744,3864
netif_nat_wan.c.obj,lib\libnet.a,1404,542,0,3864,1946,1946,3864
netmain.c.obj,lib\libnet.a,476,32,0,4,508,508,4
netutils.c.obj,lib\libnet.a,108,0,0,0,108,108,0
ppp6_reply.c.obj,lib\libnet.a,1420,438,0,0,1858,1858,0
ppp_interface.c.obj,lib\libnet.a,5498,1297,0,8,6795,6795,8
nvm_8910.c.obj,lib\libnvm.a,1212,1052,0,0,2264,2264,0
nvm_migration.c.obj,lib\libnvm.a,288,249,0,0,537,537,0
osi_mem.c.obj,lib\libosi_core.a,2866,0,0,69,2866,2866,69
osi_timer.c.obj,lib\libosi_core.a,3626,7,0,56,3633,3633,56
osi_blocked_fifo.c.obj,lib\libosi_lib.a,1320,0,0,0,1320,1320,0
osi_event_hub.c.obj,lib\libosi_lib.a,608,71,0,0,679,679,0
osi_fifo.c.obj,lib\libosi_lib.a,450,0,0,0,450,450,0
osi_hdlc.c.obj,lib\libosi_lib.a,730,0,0,0,730,730,0
osi_line_cache.c.obj,lib\libosi_lib.a,200,0,0,0,200,200,0
osi_mem_record.c.obj,lib\libosi_lib.a,0,4,0,8196,4,4,8196
osi_mem_recycler.c.obj,lib\libosi_lib.a,128,0,0,0,128,128,0
osi_order_list.c.obj,lib\libosi_lib.a,528,0,0,0,528,528,0
osi_pipe.c.obj,lib\libosi_lib.a,1044,0,0,0,1044,1044,0
osi_vsmap.c.obj,lib\libosi_lib.a,272,0,0,0,272,272,0
osi_work.c.obj,lib\libosi_lib.a,1016,18,0,12,1034,1034,12
rpc_aud.c.obj,lib\librpc_core.a,1310,0,0,0,1310,1310,0
rpc_daemon.c.obj,lib\librpc_core.a,1100,359,0,4,1459,1459,4
rpc_dispatch_ap.c.obj,lib\librpc_core.a,136,18882,0,0,19018,19018,0
rpc_hello_ap.c.obj,lib\librpc_core.a,42,27,0,0,69,69,0
aes.c.obj,lib\libservice.a,2584,0,0,8748,2584,2584,8748
bignum.c.obj,lib\libservice.a,5090,0,0,0,5090,5090,0
rsa.c.obj,lib\libservice.a,996,80,0,0,1076,1076,0
sha1.c.obj,lib\libservice.a,4350,64,0,0,4414,4414,0
sha2.c.obj,lib\libservice.a,7630,64,0,0,7694,7694,0
simlock.c.obj,lib\libservice.a,1378,525,0,0,1903,1903,0
simlock_aescrypt.c.obj,lib\libservice.a,288,101,0,0,389,389,0
simlock_storage.c.obj,lib\libservice.a,420,361,0,0,781,781,0
srv_bt_trace.c.obj,lib\libservice.a,332,116,0,0,448,448,0
srv_dtr.c.obj,lib\libservice.a,24,0,0,32,24,24,32
srv_fs_trace.c.obj,lib\libservice.a,2070,293,4,0,2363,2367,4
srv_keypad.c.obj,lib\libservice.a,676,81,0,4,757,757,4
srv_pm.c.obj,lib\libservice.a,1138,274,0,0,1412,1412,0
srv_pm_main.c.obj,lib\libservice.a,100,18,0,4,118,118,4
srv_rf_param.c.obj,lib\libservice.a,294,140,0,0,434,434,0
srv_sim_detect.c.obj,lib\libservice.a,76,0,0,40,76,76,40
srv_simlock.c.obj,lib\libservice.a,2522,1719,0,12,4241,4241,12
srv_usb.c.obj,lib\libservice.a,84,20,0,0,104,104,0
srv_wdt.c.obj,lib\libservice.a,130,0,0,8,130,130,8
sffs.c.obj,lib\libsffs_core.a,10738,36,0,0,10774,10774,0
lib_a-environ.o,..\..\components\newlib\armca5\libc.a,0,0,4,4,0,4,8
quec_customer_cfg.c.obj,..\..\components\ql-kernel\libs\libql_bsp.a,0,0,21,0,0,21,21
quec_pin_cfg_EC600U.c.obj,..\..\components\ql-kernel\libs\libql_bsp.a,0,0,636,0,0,636,636
vectors.S.obj,lib\libkernel.a,0,0,0,0,0,0,0
